Date,Symbol,Name,Price,Change
2021-07-28 08:57:40.817886,ADA-USD,Cardano USD,1.3103,+1.2591%
2021-07-28 08:57:45.845788,ADA-USD,Cardano USD,1.3103,+1.2591%
2021-07-28 08:57:50.183119,ADA-USD,Cardano USD,1.3103,+1.2591%
2021-07-28 08:57:54.615606,ADA-USD,Cardano USD,1.3103,+1.2591%
2021-07-28 08:57:58.713796,ADA-USD,Cardano USD,1.3103,+1.2591%
2021-07-28 08:58:04.485030,ADA-USD,Cardano USD,1.3103,+1.2591%
2021-07-28 08:58:09.902492,ADA-USD,Cardano USD,1.3103,+1.2591%
2021-07-28 08:58:14.866316,ADA-USD,Cardano USD,1.308,+0.9789%
2021-07-28 08:58:19.276835,ADA-USD,Cardano USD,1.308,+0.9789%
2021-07-28 08:58:23.971686,ADA-USD,Cardano USD,1.308,+0.9789%
2021-07-28 08:58:28.331249,ADA-USD,Cardano USD,1.308,+0.9789%
2021-07-28 08:58:34.411510,ADA-USD,Cardano USD,1.308,+0.9789%
2021-07-28 08:58:39.540379,ADA-USD,Cardano USD,1.308,+0.9789%
2021-07-28 08:58:45.157927,ADA-USD,Cardano USD,1.308,+0.9789%
2021-07-28 08:58:50.367714,ADA-USD,Cardano USD,1.308,+0.9789%
2021-07-28 08:58:55.361259,ADA-USD,Cardano USD,1.308,+0.9789%
2021-07-28 08:59:00.575540,ADA-USD,Cardano USD,1.308,+0.9789%
2021-07-28 08:59:05.726368,ADA-USD,Cardano USD,1.308,+0.9789%
2021-07-28 08:59:10.160990,ADA-USD,Cardano USD,1.308,+0.9789%
2021-07-28 08:59:14.634314,ADA-USD,Cardano USD,1.308,+0.9789%
2021-07-28 08:59:19.124545,ADA-USD,Cardano USD,1.3091,+0.9757%
2021-07-28 08:59:23.530596,ADA-USD,Cardano USD,1.3091,+0.9757%
2021-07-28 08:59:28.583401,ADA-USD,Cardano USD,1.3091,+0.9757%
2021-07-28 08:59:34.025785,ADA-USD,Cardano USD,1.3091,+0.9757%
2021-07-28 08:59:38.362153,ADA-USD,Cardano USD,1.3091,+0.9757%
2021-07-28 08:59:42.625960,ADA-USD,Cardano USD,1.3091,+0.9757%
2021-07-28 08:59:47.555718,ADA-USD,Cardano USD,1.3091,+0.9757%
2021-07-28 08:59:51.698106,ADA-USD,Cardano USD,1.3091,+0.9757%
2021-07-28 08:59:56.145997,ADA-USD,Cardano USD,1.3091,+0.9757%
2021-07-28 09:00:00.498932,ADA-USD,Cardano USD,1.3091,+0.9757%
2021-07-28 09:00:05.734708,ADA-USD,Cardano USD,1.3091,+0.9757%
2021-07-28 09:00:10.558668,ADA-USD,Cardano USD,1.3091,+0.9757%
2021-07-28 09:00:15.352421,ADA-USD,Cardano USD,1.3091,+0.9757%
2021-07-28 09:00:20.160765,ADA-USD,Cardano USD,1.3091,+0.9757%
2021-07-28 09:00:24.782736,ADA-USD,Cardano USD,1.3091,+0.9757%
2021-07-28 09:00:29.305837,ADA-USD,Cardano USD,1.3104,+1.1614%
2021-07-28 09:00:34.053195,ADA-USD,Cardano USD,1.3104,+1.1614%
2021-07-28 09:00:39.463497,ADA-USD,Cardano USD,1.3104,+1.1614%
2021-07-28 09:00:43.820648,ADA-USD,Cardano USD,1.3104,+1.1614%
2021-07-28 09:00:48.326175,ADA-USD,Cardano USD,1.3104,+1.1614%
2021-07-28 09:00:52.912212,ADA-USD,Cardano USD,1.3104,+1.1614%
2021-07-28 09:00:58.097364,ADA-USD,Cardano USD,1.3104,+1.1614%
2021-07-28 09:01:02.522225,ADA-USD,Cardano USD,1.3104,+1.1614%
2021-07-28 09:01:08.084746,ADA-USD,Cardano USD,1.3104,+1.1614%
2021-07-28 09:01:12.804841,ADA-USD,Cardano USD,1.3104,+1.1614%
2021-07-28 09:01:17.916306,ADA-USD,Cardano USD,1.3098,+0.9206%
2021-07-28 09:01:22.584377,ADA-USD,Cardano USD,1.3098,+0.9206%
2021-07-28 09:01:27.701931,ADA-USD,Cardano USD,1.3098,+0.9206%
2021-07-28 09:01:31.977019,ADA-USD,Cardano USD,1.3098,+0.9206%
2021-07-28 09:01:36.630150,ADA-USD,Cardano USD,1.3098,+0.9206%
2021-07-28 09:01:41.358799,ADA-USD,Cardano USD,1.3098,+0.9206%
2021-07-28 09:01:48.228821,ADA-USD,Cardano USD,1.3098,+0.9206%
2021-07-28 09:01:53.155787,ADA-USD,Cardano USD,1.3098,+0.9206%
2021-07-28 09:01:58.479765,ADA-USD,Cardano USD,1.3098,+0.9206%
2021-07-28 09:02:03.284881,ADA-USD,Cardano USD,1.3098,+0.9206%
2021-07-28 09:02:07.936579,ADA-USD,Cardano USD,1.3098,+0.9206%
2021-07-28 09:02:12.172908,ADA-USD,Cardano USD,1.3098,+0.9206%
2021-07-28 09:02:16.977037,ADA-USD,Cardano USD,1.3106,+0.8599%
2021-07-28 09:02:21.341392,ADA-USD,Cardano USD,1.3106,+0.8599%
2021-07-28 09:02:25.505080,ADA-USD,Cardano USD,1.3106,+0.8599%
2021-07-28 09:02:29.682141,ADA-USD,Cardano USD,1.3106,+0.8599%
2021-07-28 09:02:33.915513,ADA-USD,Cardano USD,1.3106,+0.8599%
2021-07-28 09:02:38.615744,ADA-USD,Cardano USD,1.3106,+0.8599%
2021-07-28 09:02:42.960151,ADA-USD,Cardano USD,1.3106,+0.8599%
2021-07-28 09:02:48.214561,ADA-USD,Cardano USD,1.3106,+0.8599%
2021-07-28 09:02:52.242397,ADA-USD,Cardano USD,1.3106,+0.8599%
2021-07-28 09:02:56.586510,ADA-USD,Cardano USD,1.3106,+0.8599%
2021-07-28 09:03:00.986934,ADA-USD,Cardano USD,1.3106,+0.8599%
2021-07-28 09:03:05.595459,ADA-USD,Cardano USD,1.3106,+0.8599%
2021-07-28 09:03:09.805700,ADA-USD,Cardano USD,1.3106,+0.8599%
2021-07-28 09:03:14.975451,ADA-USD,Cardano USD,1.3106,+0.8599%
2021-07-28 09:03:19.635753,ADA-USD,Cardano USD,1.3108,+1.1728%
2021-07-28 09:03:23.955445,ADA-USD,Cardano USD,1.3108,+1.1728%
2021-07-28 09:03:28.429821,ADA-USD,Cardano USD,1.3108,+1.1728%
2021-07-28 09:03:32.842445,ADA-USD,Cardano USD,1.3108,+1.1728%
2021-07-28 09:03:37.868623,ADA-USD,Cardano USD,1.3108,+1.1728%
2021-07-28 09:03:42.717639,ADA-USD,Cardano USD,1.3108,+1.1728%
2021-07-28 09:03:47.174895,ADA-USD,Cardano USD,1.3108,+1.1728%
2021-07-28 09:03:51.819383,ADA-USD,Cardano USD,1.3108,+1.1728%
2021-07-28 09:03:58.675482,ADA-USD,Cardano USD,1.3108,+1.1728%
2021-07-28 09:04:03.391142,ADA-USD,Cardano USD,1.3108,+1.1728%
2021-07-28 09:04:08.302120,ADA-USD,Cardano USD,1.3108,+1.1728%
2021-07-28 09:04:12.703409,ADA-USD,Cardano USD,1.3108,+1.1728%
2021-07-28 09:04:17.138682,ADA-USD,Cardano USD,1.3107,+1.2904%
2021-07-28 09:04:21.565954,ADA-USD,Cardano USD,1.3107,+1.2904%
2021-07-28 09:04:26.665814,ADA-USD,Cardano USD,1.3107,+1.2904%
2021-07-28 09:04:31.399911,ADA-USD,Cardano USD,1.3107,+1.2904%
2021-07-28 09:04:36.232990,ADA-USD,Cardano USD,1.3107,+1.2904%
2021-07-28 09:04:40.718319,ADA-USD,Cardano USD,1.3107,+1.2904%
2021-07-28 09:04:45.379659,ADA-USD,Cardano USD,1.3107,+1.2904%
2021-07-28 09:04:50.325197,ADA-USD,Cardano USD,1.3107,+1.2904%
2021-07-28 09:04:54.697125,ADA-USD,Cardano USD,1.3107,+1.2904%
2021-07-28 09:04:58.930913,ADA-USD,Cardano USD,1.3107,+1.2904%
2021-07-28 09:05:03.306212,ADA-USD,Cardano USD,1.3107,+1.2904%
2021-07-28 09:05:08.858302,ADA-USD,Cardano USD,1.3107,+1.2904%
2021-07-28 09:05:12.988402,ADA-USD,Cardano USD,1.3107,+1.2904%
2021-07-28 09:05:17.303872,ADA-USD,Cardano USD,1.3088,+1.30%
2021-07-28 09:05:21.511320,ADA-USD,Cardano USD,1.3088,+1.30%
2021-07-28 09:05:25.863861,ADA-USD,Cardano USD,1.3088,+1.30%
2021-07-28 09:05:30.135991,ADA-USD,Cardano USD,1.3088,+1.30%
2021-07-28 09:05:34.489896,ADA-USD,Cardano USD,1.3088,+1.30%
2021-07-28 09:05:38.500189,ADA-USD,Cardano USD,1.3088,+1.30%
2021-07-28 09:05:42.685202,ADA-USD,Cardano USD,1.3088,+1.30%
2021-07-28 09:05:47.010288,ADA-USD,Cardano USD,1.3088,+1.30%
2021-07-28 09:05:51.531131,ADA-USD,Cardano USD,1.3088,+1.30%
2021-07-28 09:05:55.842885,ADA-USD,Cardano USD,1.3088,+1.30%
2021-07-28 09:05:59.950068,ADA-USD,Cardano USD,1.3088,+1.30%
2021-07-28 09:06:04.401539,ADA-USD,Cardano USD,1.3088,+1.30%
2021-07-28 09:06:09.054399,ADA-USD,Cardano USD,1.3088,+1.30%
2021-07-28 09:06:13.225632,ADA-USD,Cardano USD,1.3088,+1.30%
2021-07-28 09:06:17.401162,ADA-USD,Cardano USD,1.3043,+0.9923%
2021-07-28 09:06:21.598207,ADA-USD,Cardano USD,1.3043,+0.9923%
2021-07-28 09:06:26.624334,ADA-USD,Cardano USD,1.3043,+0.9923%
2021-07-28 09:06:31.397754,ADA-USD,Cardano USD,1.3043,+0.9923%
2021-07-28 09:06:35.485662,ADA-USD,Cardano USD,1.3043,+0.9923%
2021-07-28 09:06:39.706110,ADA-USD,Cardano USD,1.3043,+0.9923%
2021-07-28 09:06:43.823051,ADA-USD,Cardano USD,1.3043,+0.9923%
2021-07-28 09:06:48.165861,ADA-USD,Cardano USD,1.3043,+0.9923%
2021-07-28 09:06:52.524664,ADA-USD,Cardano USD,1.3043,+0.9923%
2021-07-28 09:06:56.800163,ADA-USD,Cardano USD,1.3043,+0.9923%
2021-07-28 09:07:01.062397,ADA-USD,Cardano USD,1.3043,+0.9923%
2021-07-28 09:07:05.540209,ADA-USD,Cardano USD,1.3043,+0.9923%
2021-07-28 09:07:10.901733,ADA-USD,Cardano USD,1.3043,+0.9923%
2021-07-28 09:07:15.096649,ADA-USD,Cardano USD,1.3048,+0.8555%
2021-07-28 09:07:19.381080,ADA-USD,Cardano USD,1.3048,+0.8555%
2021-07-28 09:07:23.514625,ADA-USD,Cardano USD,1.3048,+0.8555%
2021-07-28 09:07:27.656480,ADA-USD,Cardano USD,1.3048,+0.8555%
2021-07-28 09:07:31.828945,ADA-USD,Cardano USD,1.3048,+0.8555%
2021-07-28 09:07:36.575039,ADA-USD,Cardano USD,1.3048,+0.8555%
2021-07-28 09:07:41.159474,ADA-USD,Cardano USD,1.3048,+0.8555%
2021-07-28 09:07:45.481833,ADA-USD,Cardano USD,1.3048,+0.8555%
2021-07-28 09:07:49.782050,ADA-USD,Cardano USD,1.3048,+0.8555%
2021-07-28 09:07:53.811157,ADA-USD,Cardano USD,1.3048,+0.8555%
2021-07-28 09:07:57.930804,ADA-USD,Cardano USD,1.3048,+0.8555%
2021-07-28 09:08:01.953112,ADA-USD,Cardano USD,1.3048,+0.8555%
2021-07-28 09:08:06.067040,ADA-USD,Cardano USD,1.3048,+0.8555%
2021-07-28 09:08:10.342450,ADA-USD,Cardano USD,1.3048,+0.8555%
2021-07-28 09:08:14.710535,ADA-USD,Cardano USD,1.3048,+0.8555%
2021-07-28 09:08:18.894125,ADA-USD,Cardano USD,1.306,+0.9266%
2021-07-28 09:08:23.376273,ADA-USD,Cardano USD,1.306,+0.9266%
2021-07-28 09:08:27.673423,ADA-USD,Cardano USD,1.306,+0.9266%
2021-07-28 09:08:31.888089,ADA-USD,Cardano USD,1.306,+0.9266%
2021-07-28 09:08:35.965295,ADA-USD,Cardano USD,1.306,+0.9266%
2021-07-28 09:08:40.221976,ADA-USD,Cardano USD,1.306,+0.9266%
2021-07-28 09:08:44.476358,ADA-USD,Cardano USD,1.306,+0.9266%
2021-07-28 09:08:48.675767,ADA-USD,Cardano USD,1.306,+0.9266%
2021-07-28 09:08:52.878181,ADA-USD,Cardano USD,1.306,+0.9266%
2021-07-28 09:08:57.071244,ADA-USD,Cardano USD,1.306,+0.9266%
2021-07-28 09:09:01.254520,ADA-USD,Cardano USD,1.306,+0.9266%
2021-07-28 09:09:05.441849,ADA-USD,Cardano USD,1.306,+0.9266%
2021-07-28 09:09:09.617181,ADA-USD,Cardano USD,1.306,+0.9266%
2021-07-28 09:09:14.112306,ADA-USD,Cardano USD,1.3059,+1.1354%
2021-07-28 09:09:18.264016,ADA-USD,Cardano USD,1.3059,+1.1354%
2021-07-28 09:09:22.293557,ADA-USD,Cardano USD,1.3059,+1.1354%
2021-07-28 09:09:26.353188,ADA-USD,Cardano USD,1.3059,+1.1354%
2021-07-28 09:09:30.498509,ADA-USD,Cardano USD,1.3059,+1.1354%
2021-07-28 09:09:34.745844,ADA-USD,Cardano USD,1.3059,+1.1354%
2021-07-28 09:09:38.831943,ADA-USD,Cardano USD,1.3059,+1.1354%
2021-07-28 09:09:43.078638,ADA-USD,Cardano USD,1.3059,+1.1354%
2021-07-28 09:09:47.101862,ADA-USD,Cardano USD,1.3059,+1.1354%
2021-07-28 09:09:51.215603,ADA-USD,Cardano USD,1.3059,+1.1354%
2021-07-28 09:09:55.336279,ADA-USD,Cardano USD,1.3059,+1.1354%
2021-07-28 09:09:59.550360,ADA-USD,Cardano USD,1.3059,+1.1354%
2021-07-28 09:10:04.154926,ADA-USD,Cardano USD,1.3059,+1.1354%
2021-07-28 09:10:08.858708,ADA-USD,Cardano USD,1.3059,+1.1354%
2021-07-28 09:10:15.231785,ADA-USD,Cardano USD,1.3059,+1.1354%
2021-07-28 09:10:19.729966,ADA-USD,Cardano USD,1.3065,+1.0879%
2021-07-28 09:10:24.196728,ADA-USD,Cardano USD,1.3065,+1.0879%
2021-07-28 09:10:28.641647,ADA-USD,Cardano USD,1.3065,+1.0879%
2021-07-28 09:10:33.161694,ADA-USD,Cardano USD,1.3065,+1.0879%
2021-07-28 09:10:37.402524,ADA-USD,Cardano USD,1.3065,+1.0879%
2021-07-28 09:10:41.566016,ADA-USD,Cardano USD,1.3065,+1.0879%
2021-07-28 09:10:45.777975,ADA-USD,Cardano USD,1.3065,+1.0879%
2021-07-28 09:10:50.105180,ADA-USD,Cardano USD,1.3065,+1.0879%
2021-07-28 09:10:54.214154,ADA-USD,Cardano USD,1.3065,+1.0879%
2021-07-28 09:10:58.200436,ADA-USD,Cardano USD,1.3065,+1.0879%
2021-07-28 09:11:02.455240,ADA-USD,Cardano USD,1.3065,+1.0879%
2021-07-28 09:11:07.256956,ADA-USD,Cardano USD,1.3065,+1.0879%
2021-07-28 09:11:11.517451,ADA-USD,Cardano USD,1.3065,+1.0879%
2021-07-28 09:11:15.620115,ADA-USD,Cardano USD,1.3065,+1.0879%
2021-07-28 09:11:19.643670,ADA-USD,Cardano USD,1.3065,+1.0123%
2021-07-28 09:11:23.693448,ADA-USD,Cardano USD,1.3065,+1.0123%
2021-07-28 09:11:27.742617,ADA-USD,Cardano USD,1.3065,+1.0123%
2021-07-28 09:11:31.729683,ADA-USD,Cardano USD,1.3065,+1.0123%
2021-07-28 09:11:35.980074,ADA-USD,Cardano USD,1.3065,+1.0123%
2021-07-28 09:11:41.369896,ADA-USD,Cardano USD,1.3065,+1.0123%
2021-07-28 09:11:45.719772,ADA-USD,Cardano USD,1.3065,+1.0123%
2021-07-28 09:11:49.934344,ADA-USD,Cardano USD,1.3065,+1.0123%
2021-07-28 09:11:54.124415,ADA-USD,Cardano USD,1.3065,+1.0123%
2021-07-28 09:11:58.243676,ADA-USD,Cardano USD,1.3065,+1.0123%
2021-07-28 09:12:02.296427,ADA-USD,Cardano USD,1.3065,+1.0123%
2021-07-28 09:12:06.956497,ADA-USD,Cardano USD,1.3065,+1.0123%
2021-07-28 09:12:11.026027,ADA-USD,Cardano USD,1.3065,+1.0123%
2021-07-28 09:12:16.703532,ADA-USD,Cardano USD,1.3043,+0.8658%
2021-07-28 09:12:21.312693,ADA-USD,Cardano USD,1.3043,+0.8658%
2021-07-28 09:12:26.193415,ADA-USD,Cardano USD,1.3043,+0.8658%
2021-07-28 09:12:31.060573,ADA-USD,Cardano USD,1.3043,+0.8658%
2021-07-28 09:12:35.504816,ADA-USD,Cardano USD,1.3043,+0.8658%
2021-07-28 09:12:39.723695,ADA-USD,Cardano USD,1.3043,+0.8658%
2021-07-28 09:12:43.728492,ADA-USD,Cardano USD,1.3043,+0.8658%
2021-07-28 09:12:48.115282,ADA-USD,Cardano USD,1.3043,+0.8658%
2021-07-28 09:12:52.189503,ADA-USD,Cardano USD,1.3043,+0.8658%
2021-07-28 09:12:56.413152,ADA-USD,Cardano USD,1.3043,+0.8658%
2021-07-28 09:13:00.467766,ADA-USD,Cardano USD,1.3043,+0.8658%
2021-07-28 09:13:04.603607,ADA-USD,Cardano USD,1.3043,+0.8658%
2021-07-28 09:13:08.721992,ADA-USD,Cardano USD,1.3043,+0.8658%
2021-07-28 09:13:12.917316,ADA-USD,Cardano USD,1.3043,+0.8658%
2021-07-28 09:13:17.127937,ADA-USD,Cardano USD,1.3055,+0.9629%
2021-07-28 09:13:21.817049,ADA-USD,Cardano USD,1.3055,+0.9629%
2021-07-28 09:13:27.062452,ADA-USD,Cardano USD,1.3055,+0.9629%
2021-07-28 09:13:31.225482,ADA-USD,Cardano USD,1.3055,+0.9629%
2021-07-28 09:13:37.710666,ADA-USD,Cardano USD,1.3055,+0.9629%
2021-07-28 09:13:42.167171,ADA-USD,Cardano USD,1.3055,+0.9629%
2021-07-28 09:13:46.481110,ADA-USD,Cardano USD,1.3055,+0.9629%
2021-07-28 09:13:50.892474,ADA-USD,Cardano USD,1.3055,+0.9629%
2021-07-28 09:13:55.342184,ADA-USD,Cardano USD,1.3055,+0.9629%
2021-07-28 09:13:59.737466,ADA-USD,Cardano USD,1.3055,+0.9629%
2021-07-28 09:14:04.593472,ADA-USD,Cardano USD,1.3055,+0.9629%
2021-07-28 09:14:09.326560,ADA-USD,Cardano USD,1.3055,+0.9629%
2021-07-28 09:14:13.837781,ADA-USD,Cardano USD,1.3043,+0.8888%
2021-07-28 09:14:18.551879,ADA-USD,Cardano USD,1.3043,+0.8888%
2021-07-28 09:14:22.764285,ADA-USD,Cardano USD,1.3043,+0.8888%
2021-07-28 09:14:27.097274,ADA-USD,Cardano USD,1.3043,+0.8888%
2021-07-28 09:14:31.422534,ADA-USD,Cardano USD,1.3043,+0.8888%
2021-07-28 09:14:35.685693,ADA-USD,Cardano USD,1.3043,+0.8888%
2021-07-28 09:14:39.661905,ADA-USD,Cardano USD,1.3043,+0.8888%
2021-07-28 09:14:43.745839,ADA-USD,Cardano USD,1.3043,+0.8888%
2021-07-28 09:14:47.977212,ADA-USD,Cardano USD,1.3043,+0.8888%
2021-07-28 09:14:52.103559,ADA-USD,Cardano USD,1.3043,+0.8888%
2021-07-28 09:14:56.244510,ADA-USD,Cardano USD,1.3043,+0.8888%
2021-07-28 09:15:00.336265,ADA-USD,Cardano USD,1.3043,+0.8888%
2021-07-28 09:15:04.350636,ADA-USD,Cardano USD,1.3043,+0.8888%
2021-07-28 09:15:08.553909,ADA-USD,Cardano USD,1.3043,+0.8888%
2021-07-28 09:15:12.503932,ADA-USD,Cardano USD,1.3043,+0.8888%
2021-07-28 09:15:16.602573,ADA-USD,Cardano USD,1.3047,+1.0247%
2021-07-28 09:15:21.164093,ADA-USD,Cardano USD,1.3047,+1.0247%
2021-07-28 09:15:26.197356,ADA-USD,Cardano USD,1.3047,+1.0247%
2021-07-28 09:15:31.168373,ADA-USD,Cardano USD,1.3047,+1.0247%
2021-07-28 09:15:36.956869,ADA-USD,Cardano USD,1.3047,+1.0247%
2021-07-28 09:15:45.985344,ADA-USD,Cardano USD,1.3047,+1.0247%
2021-07-28 09:15:50.917297,ADA-USD,Cardano USD,1.3047,+1.0247%
2021-07-28 09:15:55.221115,ADA-USD,Cardano USD,1.3047,+1.0247%
2021-07-28 09:16:00.411683,ADA-USD,Cardano USD,1.3047,+1.0247%
2021-07-28 09:16:04.631690,ADA-USD,Cardano USD,1.3047,+1.0247%
2021-07-28 09:16:09.222895,ADA-USD,Cardano USD,1.3047,+1.0247%
2021-07-28 09:16:13.405379,ADA-USD,Cardano USD,1.3047,+1.0247%
2021-07-28 09:16:18.170510,ADA-USD,Cardano USD,1.3047,+1.003%
2021-07-28 09:16:22.461780,ADA-USD,Cardano USD,1.3047,+1.003%
2021-07-28 09:16:26.807813,ADA-USD,Cardano USD,1.3047,+1.003%
2021-07-28 09:16:32.278750,ADA-USD,Cardano USD,1.3047,+1.003%
2021-07-28 09:16:36.776204,ADA-USD,Cardano USD,1.3047,+1.003%
2021-07-28 09:16:41.697271,ADA-USD,Cardano USD,1.3047,+1.003%
2021-07-28 09:16:45.889799,ADA-USD,Cardano USD,1.3047,+1.003%
2021-07-28 09:16:50.362219,ADA-USD,Cardano USD,1.3047,+1.003%
2021-07-28 09:16:54.530458,ADA-USD,Cardano USD,1.3047,+1.003%
2021-07-28 09:16:58.587247,ADA-USD,Cardano USD,1.3047,+1.003%
2021-07-28 09:17:02.910061,ADA-USD,Cardano USD,1.3047,+1.003%
2021-07-28 09:17:07.904110,ADA-USD,Cardano USD,1.3047,+1.003%
2021-07-28 09:17:12.387811,ADA-USD,Cardano USD,1.3047,+1.003%
2021-07-28 09:17:16.697850,ADA-USD,Cardano USD,1.3062,+1.0943%
2021-07-28 09:17:21.706833,ADA-USD,Cardano USD,1.3062,+1.0943%
2021-07-28 09:17:26.612813,ADA-USD,Cardano USD,1.3062,+1.0943%
2021-07-28 09:17:31.155916,ADA-USD,Cardano USD,1.3062,+1.0943%
2021-07-28 09:17:36.031269,ADA-USD,Cardano USD,1.3062,+1.0943%
2021-07-28 09:17:40.698407,ADA-USD,Cardano USD,1.3062,+1.0943%
2021-07-28 09:17:44.850904,ADA-USD,Cardano USD,1.3062,+1.0943%
2021-07-28 09:17:48.961905,ADA-USD,Cardano USD,1.3062,+1.0943%
2021-07-28 09:17:53.946270,ADA-USD,Cardano USD,1.3062,+1.0943%
2021-07-28 09:17:58.458125,ADA-USD,Cardano USD,1.3062,+1.0943%
2021-07-28 09:18:02.711501,ADA-USD,Cardano USD,1.3062,+1.0943%
2021-07-28 09:18:08.203369,ADA-USD,Cardano USD,1.3062,+1.0943%
2021-07-28 09:18:12.360654,ADA-USD,Cardano USD,1.3062,+1.0943%
2021-07-28 09:18:16.415937,ADA-USD,Cardano USD,1.3063,+1.2418%
2021-07-28 09:18:20.792262,ADA-USD,Cardano USD,1.3063,+1.2418%
2021-07-28 09:18:24.937831,ADA-USD,Cardano USD,1.3063,+1.2418%
2021-07-28 09:18:29.306224,ADA-USD,Cardano USD,1.3063,+1.2418%
2021-07-28 09:18:33.541486,ADA-USD,Cardano USD,1.3063,+1.2418%
2021-07-28 09:18:37.711536,ADA-USD,Cardano USD,1.3063,+1.2418%
2021-07-28 09:18:41.959252,ADA-USD,Cardano USD,1.3063,+1.2418%
2021-07-28 09:18:46.387559,ADA-USD,Cardano USD,1.3063,+1.2418%
2021-07-28 09:18:50.821680,ADA-USD,Cardano USD,1.3063,+1.2418%
2021-07-28 09:18:54.993870,ADA-USD,Cardano USD,1.3063,+1.2418%
2021-07-28 09:18:59.038760,ADA-USD,Cardano USD,1.3063,+1.2418%
2021-07-28 09:19:03.298766,ADA-USD,Cardano USD,1.3063,+1.2418%
2021-07-28 09:19:07.443141,ADA-USD,Cardano USD,1.3063,+1.2418%
2021-07-28 09:19:11.605577,ADA-USD,Cardano USD,1.3063,+1.2418%
2021-07-28 09:19:15.960950,ADA-USD,Cardano USD,1.3067,+1.4886%
2021-07-28 09:19:20.023489,ADA-USD,Cardano USD,1.3067,+1.4886%
2021-07-28 09:19:24.184958,ADA-USD,Cardano USD,1.3067,+1.4886%
2021-07-28 09:19:28.223165,ADA-USD,Cardano USD,1.3067,+1.4886%
2021-07-28 09:19:34.628130,ADA-USD,Cardano USD,1.3067,+1.4886%
2021-07-28 09:19:39.084238,ADA-USD,Cardano USD,1.3067,+1.4886%
2021-07-28 09:19:43.486553,ADA-USD,Cardano USD,1.3067,+1.4886%
2021-07-28 09:19:47.939813,ADA-USD,Cardano USD,1.3067,+1.4886%
2021-07-28 09:19:52.269206,ADA-USD,Cardano USD,1.3067,+1.4886%
2021-07-28 09:19:58.948154,ADA-USD,Cardano USD,1.3067,+1.4886%
2021-07-28 09:20:03.895106,ADA-USD,Cardano USD,1.3067,+1.4886%
2021-07-28 09:20:10.434250,ADA-USD,Cardano USD,1.3067,+1.4886%
2021-07-28 09:20:15.471147,ADA-USD,Cardano USD,1.3081,+1.5412%
2021-07-28 09:20:20.593825,ADA-USD,Cardano USD,1.3081,+1.5412%
2021-07-28 09:20:25.152025,ADA-USD,Cardano USD,1.3081,+1.5412%
2021-07-28 09:20:31.010412,ADA-USD,Cardano USD,1.3081,+1.5412%
2021-07-28 09:20:35.728886,ADA-USD,Cardano USD,1.3081,+1.5412%
2021-07-28 09:20:41.060473,ADA-USD,Cardano USD,1.3081,+1.5412%
2021-07-28 09:20:45.669739,ADA-USD,Cardano USD,1.3081,+1.5412%
2021-07-28 09:20:50.015782,ADA-USD,Cardano USD,1.3081,+1.5412%
2021-07-28 09:20:54.566921,ADA-USD,Cardano USD,1.3081,+1.5412%
2021-07-28 09:20:58.589615,ADA-USD,Cardano USD,1.3081,+1.5412%
2021-07-28 09:21:03.028272,ADA-USD,Cardano USD,1.3081,+1.5412%
2021-07-28 09:21:08.154508,ADA-USD,Cardano USD,1.3081,+1.5412%
2021-07-28 09:21:12.733774,ADA-USD,Cardano USD,1.3081,+1.5412%
2021-07-28 09:21:18.163908,ADA-USD,Cardano USD,1.3122,+1.8391%
2021-07-28 09:21:22.616037,ADA-USD,Cardano USD,1.3122,+1.8391%
2021-07-28 09:21:27.374877,ADA-USD,Cardano USD,1.3122,+1.8391%
2021-07-28 09:21:32.627277,ADA-USD,Cardano USD,1.3122,+1.8391%
2021-07-28 09:21:37.555773,ADA-USD,Cardano USD,1.3122,+1.8391%
2021-07-28 09:21:45.122702,ADA-USD,Cardano USD,1.3122,+1.8391%
2021-07-28 09:21:49.569433,ADA-USD,Cardano USD,1.3122,+1.8391%
2021-07-28 09:21:53.827825,ADA-USD,Cardano USD,1.3122,+1.8391%
2021-07-28 09:21:58.189191,ADA-USD,Cardano USD,1.3122,+1.8391%
2021-07-28 09:22:02.509872,ADA-USD,Cardano USD,1.3122,+1.8391%
2021-07-28 09:22:07.203037,ADA-USD,Cardano USD,1.3122,+1.8391%
2021-07-28 09:22:11.680069,ADA-USD,Cardano USD,1.3122,+1.8391%
2021-07-28 09:22:15.983700,ADA-USD,Cardano USD,1.3122,+1.8391%
2021-07-28 09:22:20.288269,ADA-USD,Cardano USD,1.3099,+1.5845%
2021-07-28 09:22:24.646146,ADA-USD,Cardano USD,1.3099,+1.5845%
2021-07-28 09:22:28.752599,ADA-USD,Cardano USD,1.3099,+1.5845%
2021-07-28 09:22:33.080482,ADA-USD,Cardano USD,1.3099,+1.5845%
2021-07-28 09:22:37.603351,ADA-USD,Cardano USD,1.3099,+1.5845%
2021-07-28 09:22:41.843568,ADA-USD,Cardano USD,1.3099,+1.5845%
2021-07-28 09:22:46.101416,ADA-USD,Cardano USD,1.3099,+1.5845%
2021-07-28 09:22:50.135404,ADA-USD,Cardano USD,1.3099,+1.5845%
2021-07-28 09:22:54.587213,ADA-USD,Cardano USD,1.3099,+1.5845%
2021-07-28 09:22:58.754515,ADA-USD,Cardano USD,1.3099,+1.5845%
2021-07-28 09:23:03.154305,ADA-USD,Cardano USD,1.3099,+1.5845%
2021-07-28 09:23:08.175470,ADA-USD,Cardano USD,1.3099,+1.5845%
2021-07-28 09:23:12.426020,ADA-USD,Cardano USD,1.3099,+1.5845%
2021-07-28 09:23:16.836410,ADA-USD,Cardano USD,1.3077,+1.4116%
2021-07-28 09:23:21.552154,ADA-USD,Cardano USD,1.3077,+1.4116%
2021-07-28 09:23:25.707509,ADA-USD,Cardano USD,1.3077,+1.4116%
2021-07-28 09:23:30.308678,ADA-USD,Cardano USD,1.3077,+1.4116%
2021-07-28 09:23:34.421246,ADA-USD,Cardano USD,1.3077,+1.4116%
2021-07-28 09:23:38.661805,ADA-USD,Cardano USD,1.3077,+1.4116%
2021-07-28 09:23:43.224995,ADA-USD,Cardano USD,1.3077,+1.4116%
2021-07-28 09:23:47.703693,ADA-USD,Cardano USD,1.3077,+1.4116%
2021-07-28 09:23:52.159898,ADA-USD,Cardano USD,1.3077,+1.4116%
2021-07-28 09:23:56.857008,ADA-USD,Cardano USD,1.3077,+1.4116%
2021-07-28 09:24:03.808732,ADA-USD,Cardano USD,1.3077,+1.4116%
2021-07-28 09:24:08.600776,ADA-USD,Cardano USD,1.3077,+1.4116%
2021-07-28 09:24:13.634679,ADA-USD,Cardano USD,1.3077,+1.34%
2021-07-28 09:24:18.693583,ADA-USD,Cardano USD,1.3081,+1.34%
2021-07-28 09:24:23.280741,ADA-USD,Cardano USD,1.3081,+1.34%
2021-07-28 09:24:27.898896,ADA-USD,Cardano USD,1.3081,+1.34%
2021-07-28 09:24:32.688951,ADA-USD,Cardano USD,1.3081,+1.34%
2021-07-28 09:24:37.463009,ADA-USD,Cardano USD,1.3081,+1.34%
2021-07-28 09:24:42.226077,ADA-USD,Cardano USD,1.3081,+1.34%
2021-07-28 09:24:46.562505,ADA-USD,Cardano USD,1.3081,+1.34%
2021-07-28 09:24:50.821058,ADA-USD,Cardano USD,1.3081,+1.34%
2021-07-28 09:24:55.263737,ADA-USD,Cardano USD,1.3081,+1.34%
2021-07-28 09:24:59.504001,ADA-USD,Cardano USD,1.3081,+1.34%
2021-07-28 09:25:03.662439,ADA-USD,Cardano USD,1.3081,+1.34%
2021-07-28 09:25:08.718328,ADA-USD,Cardano USD,1.3081,+1.34%
2021-07-28 09:25:12.980070,ADA-USD,Cardano USD,1.3081,+1.34%
2021-07-28 09:25:18.241498,ADA-USD,Cardano USD,1.3062,+1.0783%
2021-07-28 09:25:22.951159,ADA-USD,Cardano USD,1.3062,+1.0783%
2021-07-28 09:25:28.500225,ADA-USD,Cardano USD,1.3062,+1.0783%
2021-07-28 09:25:32.800764,ADA-USD,Cardano USD,1.3062,+1.0783%
2021-07-28 09:25:37.226868,ADA-USD,Cardano USD,1.3062,+1.0783%
2021-07-28 09:25:41.652667,ADA-USD,Cardano USD,1.3062,+1.0783%
2021-07-28 09:25:46.280961,ADA-USD,Cardano USD,1.3062,+1.0783%
2021-07-28 09:25:50.981273,ADA-USD,Cardano USD,1.3062,+1.0783%
2021-07-28 09:25:56.866099,ADA-USD,Cardano USD,1.3062,+1.0783%
2021-07-28 09:26:02.019920,ADA-USD,Cardano USD,1.3062,+1.0783%
2021-07-28 09:26:07.401606,ADA-USD,Cardano USD,1.3062,+1.0783%
2021-07-28 09:26:12.269629,ADA-USD,Cardano USD,1.3062,+1.0783%
2021-07-28 09:26:17.415464,ADA-USD,Cardano USD,1.3071,+1.1241%
2021-07-28 09:26:21.917765,ADA-USD,Cardano USD,1.3071,+1.1241%
2021-07-28 09:26:27.753698,ADA-USD,Cardano USD,1.3071,+1.1241%
2021-07-28 09:26:32.510815,ADA-USD,Cardano USD,1.3071,+1.1241%
2021-07-28 09:26:37.280662,ADA-USD,Cardano USD,1.3071,+1.1241%
2021-07-28 09:26:41.897352,ADA-USD,Cardano USD,1.3071,+1.1241%
2021-07-28 09:26:46.714385,ADA-USD,Cardano USD,1.3071,+1.1241%
2021-07-28 09:26:51.763244,ADA-USD,Cardano USD,1.3071,+1.1241%
2021-07-28 09:26:55.972706,ADA-USD,Cardano USD,1.3071,+1.1241%
2021-07-28 09:27:00.719037,ADA-USD,Cardano USD,1.3071,+1.1241%
2021-07-28 09:27:05.536359,ADA-USD,Cardano USD,1.3071,+1.1241%
2021-07-28 09:27:10.047958,ADA-USD,Cardano USD,1.3071,+1.1241%
2021-07-28 09:27:14.951086,ADA-USD,Cardano USD,1.3091,+1.2234%
2021-07-28 09:27:19.216714,ADA-USD,Cardano USD,1.3091,+1.2234%
2021-07-28 09:27:23.356411,ADA-USD,Cardano USD,1.3091,+1.2234%
2021-07-28 09:27:27.365750,ADA-USD,Cardano USD,1.3091,+1.2234%
2021-07-28 09:27:31.748099,ADA-USD,Cardano USD,1.3091,+1.2234%
2021-07-28 09:27:36.197073,ADA-USD,Cardano USD,1.3091,+1.2234%
2021-07-28 09:27:40.685599,ADA-USD,Cardano USD,1.3091,+1.2234%
2021-07-28 09:27:44.815585,ADA-USD,Cardano USD,1.3091,+1.2234%
2021-07-28 09:27:49.113230,ADA-USD,Cardano USD,1.3091,+1.2234%
2021-07-28 09:27:53.407739,ADA-USD,Cardano USD,1.3091,+1.2234%
2021-07-28 09:27:57.493918,ADA-USD,Cardano USD,1.3091,+1.2234%
2021-07-28 09:28:01.856506,ADA-USD,Cardano USD,1.3091,+1.2234%
2021-07-28 09:28:06.030258,ADA-USD,Cardano USD,1.3091,+1.2234%
2021-07-28 09:28:10.155189,ADA-USD,Cardano USD,1.3091,+1.2234%
2021-07-28 09:28:14.484430,ADA-USD,Cardano USD,1.3106,+1.2281%
2021-07-28 09:28:18.583909,ADA-USD,Cardano USD,1.3106,+1.2281%
2021-07-28 09:28:22.914474,ADA-USD,Cardano USD,1.3106,+1.2281%
2021-07-28 09:28:27.173802,ADA-USD,Cardano USD,1.3106,+1.2281%
2021-07-28 09:28:31.389742,ADA-USD,Cardano USD,1.3106,+1.2281%
2021-07-28 09:28:35.668619,ADA-USD,Cardano USD,1.3106,+1.2281%
2021-07-28 09:28:39.708858,ADA-USD,Cardano USD,1.3106,+1.2281%
2021-07-28 09:28:43.908790,ADA-USD,Cardano USD,1.3106,+1.2281%
2021-07-28 09:28:47.997307,ADA-USD,Cardano USD,1.3106,+1.2281%
2021-07-28 09:28:52.297439,ADA-USD,Cardano USD,1.3106,+1.2281%
2021-07-28 09:28:56.697826,ADA-USD,Cardano USD,1.3106,+1.2281%
2021-07-28 09:29:00.722981,ADA-USD,Cardano USD,1.3106,+1.2281%
2021-07-28 09:29:05.342135,ADA-USD,Cardano USD,1.3106,+1.2281%
2021-07-28 09:29:09.583785,ADA-USD,Cardano USD,1.3106,+1.2281%
2021-07-28 09:29:13.741293,ADA-USD,Cardano USD,1.3095,+1.36%
2021-07-28 09:29:18.309183,ADA-USD,Cardano USD,1.3095,+1.36%
2021-07-28 09:29:22.596281,ADA-USD,Cardano USD,1.3095,+1.36%
2021-07-28 09:29:26.936415,ADA-USD,Cardano USD,1.3095,+1.36%
2021-07-28 09:29:31.078771,ADA-USD,Cardano USD,1.3095,+1.36%
2021-07-28 09:29:35.169552,ADA-USD,Cardano USD,1.3095,+1.36%
2021-07-28 09:29:39.212086,ADA-USD,Cardano USD,1.3095,+1.36%
2021-07-28 09:29:43.316125,ADA-USD,Cardano USD,1.3095,+1.36%
2021-07-28 09:29:47.636459,ADA-USD,Cardano USD,1.3095,+1.36%
2021-07-28 09:29:51.895869,ADA-USD,Cardano USD,1.3095,+1.36%
2021-07-28 09:29:56.073051,ADA-USD,Cardano USD,1.3095,+1.36%
2021-07-28 09:30:00.283990,ADA-USD,Cardano USD,1.3095,+1.36%
2021-07-28 09:30:04.829199,ADA-USD,Cardano USD,1.3095,+1.36%
2021-07-28 09:30:09.362056,ADA-USD,Cardano USD,1.3095,+1.36%
2021-07-28 09:30:13.559645,ADA-USD,Cardano USD,1.3095,+1.36%
2021-07-28 09:30:17.936866,ADA-USD,Cardano USD,1.3085,+1.2923%
2021-07-28 09:30:22.082797,ADA-USD,Cardano USD,1.3085,+1.2923%
2021-07-28 09:30:26.276899,ADA-USD,Cardano USD,1.3085,+1.2923%
2021-07-28 09:30:30.358122,ADA-USD,Cardano USD,1.3085,+1.2923%
2021-07-28 09:30:34.432968,ADA-USD,Cardano USD,1.3085,+1.2923%
2021-07-28 09:30:38.664335,ADA-USD,Cardano USD,1.3085,+1.2923%
2021-07-28 09:30:42.760913,ADA-USD,Cardano USD,1.3085,+1.2923%
2021-07-28 09:30:47.164430,ADA-USD,Cardano USD,1.3085,+1.2923%
2021-07-28 09:30:51.411009,ADA-USD,Cardano USD,1.3085,+1.2923%
2021-07-28 09:30:55.677509,ADA-USD,Cardano USD,1.3085,+1.2923%
2021-07-28 09:30:59.978097,ADA-USD,Cardano USD,1.3085,+1.2923%
2021-07-28 09:31:04.136674,ADA-USD,Cardano USD,1.3085,+1.2923%
2021-07-28 09:31:08.417046,ADA-USD,Cardano USD,1.3085,+1.2923%
2021-07-28 09:31:12.757601,ADA-USD,Cardano USD,1.3085,+1.2923%
2021-07-28 09:31:17.065414,ADA-USD,Cardano USD,1.309,+1.2323%
2021-07-28 09:31:21.284185,ADA-USD,Cardano USD,1.309,+1.2323%
2021-07-28 09:31:25.296134,ADA-USD,Cardano USD,1.309,+1.2323%
2021-07-28 09:31:29.373072,ADA-USD,Cardano USD,1.309,+1.2323%
2021-07-28 09:31:33.573862,ADA-USD,Cardano USD,1.309,+1.2323%
2021-07-28 09:31:37.951435,ADA-USD,Cardano USD,1.309,+1.2323%
2021-07-28 09:31:42.177727,ADA-USD,Cardano USD,1.309,+1.2323%
2021-07-28 09:31:46.141302,ADA-USD,Cardano USD,1.309,+1.2323%
2021-07-28 09:31:50.306120,ADA-USD,Cardano USD,1.309,+1.2323%
2021-07-28 09:31:54.300098,ADA-USD,Cardano USD,1.309,+1.2323%
2021-07-28 09:31:58.604060,ADA-USD,Cardano USD,1.309,+1.2323%
2021-07-28 09:32:02.998357,ADA-USD,Cardano USD,1.309,+1.2323%
2021-07-28 09:32:07.275026,ADA-USD,Cardano USD,1.309,+1.2323%
2021-07-28 09:32:11.401139,ADA-USD,Cardano USD,1.309,+1.2323%
2021-07-28 09:32:15.448183,ADA-USD,Cardano USD,1.309,+1.2323%
2021-07-28 09:32:19.507762,ADA-USD,Cardano USD,1.309,+1.2323%
2021-07-28 09:32:23.735184,ADA-USD,Cardano USD,1.309,+1.2323%
2021-07-28 09:32:28.171999,ADA-USD,Cardano USD,1.309,+1.2323%
2021-07-28 09:32:32.697872,ADA-USD,Cardano USD,1.309,+1.2323%
2021-07-28 09:32:37.336777,ADA-USD,Cardano USD,1.309,+1.2323%
2021-07-28 09:32:41.939303,ADA-USD,Cardano USD,1.309,+1.2323%
2021-07-28 09:32:46.381760,ADA-USD,Cardano USD,1.309,+1.2323%
2021-07-28 09:32:50.527073,ADA-USD,Cardano USD,1.309,+1.2323%
2021-07-28 09:32:54.575769,ADA-USD,Cardano USD,1.309,+1.2323%
2021-07-28 09:32:58.852427,ADA-USD,Cardano USD,1.309,+1.2323%
2021-07-28 09:33:02.968892,ADA-USD,Cardano USD,1.309,+1.2323%
2021-07-28 09:33:07.187744,ADA-USD,Cardano USD,1.309,+1.2323%
2021-07-28 09:33:11.321389,ADA-USD,Cardano USD,1.309,+1.2323%
2021-07-28 09:33:15.347133,ADA-USD,Cardano USD,1.309,+1.2323%
2021-07-28 09:33:19.307197,ADA-USD,Cardano USD,1.309,+1.2323%
2021-07-28 09:33:23.588969,ADA-USD,Cardano USD,1.309,+1.2323%
2021-07-28 09:33:27.995120,ADA-USD,Cardano USD,1.309,+1.2323%
2021-07-28 09:33:32.324234,ADA-USD,Cardano USD,1.309,+1.2323%
2021-07-28 09:33:36.494530,ADA-USD,Cardano USD,1.309,+1.2323%
2021-07-28 09:33:40.798890,ADA-USD,Cardano USD,1.309,+1.2323%
2021-07-28 09:33:45.414039,ADA-USD,Cardano USD,1.3112,+1.226%
2021-07-28 09:33:49.995219,ADA-USD,Cardano USD,1.3112,+1.226%
2021-07-28 09:33:54.553453,ADA-USD,Cardano USD,1.3112,+1.226%
2021-07-28 09:33:59.268512,ADA-USD,Cardano USD,1.3112,+1.226%
2021-07-28 09:34:03.992603,ADA-USD,Cardano USD,1.3112,+1.226%
2021-07-28 09:34:08.465850,ADA-USD,Cardano USD,1.3112,+1.226%
2021-07-28 09:34:12.867140,ADA-USD,Cardano USD,1.3112,+1.226%
2021-07-28 09:34:17.523274,ADA-USD,Cardano USD,1.3112,+1.226%
2021-07-28 09:34:21.816633,ADA-USD,Cardano USD,1.3112,+1.226%
2021-07-28 09:34:26.116708,ADA-USD,Cardano USD,1.3112,+1.226%
2021-07-28 09:34:30.598948,ADA-USD,Cardano USD,1.3112,+1.226%
2021-07-28 09:34:34.861066,ADA-USD,Cardano USD,1.3112,+1.226%
2021-07-28 09:34:39.157030,ADA-USD,Cardano USD,1.3112,+1.226%
2021-07-28 09:34:43.307474,ADA-USD,Cardano USD,1.3112,+1.226%
2021-07-28 09:34:47.625846,ADA-USD,Cardano USD,1.3112,+1.226%
2021-07-28 09:34:51.692304,ADA-USD,Cardano USD,1.3112,+1.226%
2021-07-28 09:34:55.818643,ADA-USD,Cardano USD,1.3112,+1.226%
2021-07-28 09:34:59.939883,ADA-USD,Cardano USD,1.3112,+1.226%
2021-07-28 09:35:04.348774,ADA-USD,Cardano USD,1.3112,+1.226%
2021-07-28 09:35:08.529983,ADA-USD,Cardano USD,1.3112,+1.226%
2021-07-28 09:35:13.044203,ADA-USD,Cardano USD,1.3112,+1.226%
2021-07-28 09:35:17.486917,ADA-USD,Cardano USD,1.3115,+1.2573%
2021-07-28 09:35:21.629597,ADA-USD,Cardano USD,1.3115,+1.2573%
2021-07-28 09:35:25.641934,ADA-USD,Cardano USD,1.3115,+1.2573%
2021-07-28 09:35:29.826795,ADA-USD,Cardano USD,1.3115,+1.2573%
2021-07-28 09:35:34.130529,ADA-USD,Cardano USD,1.3115,+1.2573%
2021-07-28 09:35:38.252852,ADA-USD,Cardano USD,1.3115,+1.2573%
2021-07-28 09:35:42.540849,ADA-USD,Cardano USD,1.3115,+1.2573%
2021-07-28 09:35:46.672787,ADA-USD,Cardano USD,1.3115,+1.2573%
2021-07-28 09:35:51.157021,ADA-USD,Cardano USD,1.3115,+1.2573%
2021-07-28 09:35:55.279472,ADA-USD,Cardano USD,1.3115,+1.2573%
2021-07-28 09:35:59.548513,ADA-USD,Cardano USD,1.3115,+1.2573%
2021-07-28 09:36:03.901721,ADA-USD,Cardano USD,1.3115,+1.2573%
2021-07-28 09:36:08.077709,ADA-USD,Cardano USD,1.3115,+1.2573%
2021-07-28 09:36:12.329033,ADA-USD,Cardano USD,1.3115,+1.2573%
2021-07-28 09:36:16.464677,ADA-USD,Cardano USD,1.3115,+1.2573%
2021-07-28 09:36:20.914385,ADA-USD,Cardano USD,1.3108,+1.097%
2021-07-28 09:36:24.959181,ADA-USD,Cardano USD,1.3108,+1.097%
2021-07-28 09:36:29.309120,ADA-USD,Cardano USD,1.3108,+1.097%
2021-07-28 09:36:33.420030,ADA-USD,Cardano USD,1.3108,+1.097%
2021-07-28 09:36:37.676133,ADA-USD,Cardano USD,1.3108,+1.097%
2021-07-28 09:36:41.860682,ADA-USD,Cardano USD,1.3108,+1.097%
2021-07-28 09:36:45.910434,ADA-USD,Cardano USD,1.3108,+1.097%
2021-07-28 09:36:50.210452,ADA-USD,Cardano USD,1.3108,+1.097%
2021-07-28 09:36:54.367856,ADA-USD,Cardano USD,1.3108,+1.097%
2021-07-28 09:36:58.519885,ADA-USD,Cardano USD,1.3108,+1.097%
2021-07-28 09:37:02.880078,ADA-USD,Cardano USD,1.3108,+1.097%
2021-07-28 09:37:07.243603,ADA-USD,Cardano USD,1.3108,+1.097%
2021-07-28 09:37:11.391496,ADA-USD,Cardano USD,1.3108,+1.097%
2021-07-28 09:37:15.738368,ADA-USD,Cardano USD,1.3108,+1.097%
2021-07-28 09:37:20.255735,ADA-USD,Cardano USD,1.3108,+1.097%
2021-07-28 09:37:24.491064,ADA-USD,Cardano USD,1.3108,+1.097%
2021-07-28 09:37:28.660654,ADA-USD,Cardano USD,1.3108,+1.097%
2021-07-28 09:37:33.616477,ADA-USD,Cardano USD,1.3108,+1.097%
2021-07-28 09:37:37.973250,ADA-USD,Cardano USD,1.3108,+1.097%
2021-07-28 09:37:42.499827,ADA-USD,Cardano USD,1.3108,+1.097%
2021-07-28 09:37:46.809890,ADA-USD,Cardano USD,1.3108,+1.097%
2021-07-28 09:37:51.001838,ADA-USD,Cardano USD,1.3108,+1.097%
2021-07-28 09:37:55.421614,ADA-USD,Cardano USD,1.3108,+1.097%
2021-07-28 09:37:59.820572,ADA-USD,Cardano USD,1.3108,+1.097%
2021-07-28 09:38:04.355751,ADA-USD,Cardano USD,1.3108,+1.097%
2021-07-28 09:38:08.589137,ADA-USD,Cardano USD,1.3108,+1.097%
2021-07-28 09:38:12.952852,ADA-USD,Cardano USD,1.3108,+1.097%
2021-07-28 09:38:17.414676,ADA-USD,Cardano USD,1.3092,+0.8316%
2021-07-28 09:38:27.411430,ADA-USD,Cardano USD,1.3092,+0.8316%
2021-07-28 09:38:32.198410,ADA-USD,Cardano USD,1.3092,+0.8316%
2021-07-28 09:38:36.610125,ADA-USD,Cardano USD,1.3092,+0.8316%
2021-07-28 09:38:40.742847,ADA-USD,Cardano USD,1.3092,+0.8316%
2021-07-28 09:38:46.207954,ADA-USD,Cardano USD,1.3092,+0.8316%
2021-07-28 09:38:50.411344,ADA-USD,Cardano USD,1.3092,+0.8316%
2021-07-28 09:38:54.657174,ADA-USD,Cardano USD,1.3092,+0.8316%
2021-07-28 09:38:59.070981,ADA-USD,Cardano USD,1.3092,+0.8316%
2021-07-28 09:39:03.899007,ADA-USD,Cardano USD,1.3092,+0.8316%
2021-07-28 09:39:08.476150,ADA-USD,Cardano USD,1.3092,+0.8316%
2021-07-28 09:39:13.131165,ADA-USD,Cardano USD,1.3092,+0.8316%
2021-07-28 09:39:18.054249,ADA-USD,Cardano USD,1.3054,+0.5502%
2021-07-28 09:39:22.197422,ADA-USD,Cardano USD,1.3054,+0.5502%
2021-07-28 09:39:26.388931,ADA-USD,Cardano USD,1.3054,+0.5502%
2021-07-28 09:39:30.625592,ADA-USD,Cardano USD,1.3054,+0.5502%
2021-07-28 09:39:35.001750,ADA-USD,Cardano USD,1.3054,+0.5502%
2021-07-28 09:39:39.319993,ADA-USD,Cardano USD,1.3054,+0.5502%
2021-07-28 09:39:43.575123,ADA-USD,Cardano USD,1.3054,+0.5502%
2021-07-28 09:39:48.121602,ADA-USD,Cardano USD,1.3054,+0.5502%
2021-07-28 09:39:52.401431,ADA-USD,Cardano USD,1.3054,+0.5502%
2021-07-28 09:39:56.616376,ADA-USD,Cardano USD,1.3054,+0.5502%
2021-07-28 09:40:00.856793,ADA-USD,Cardano USD,1.3054,+0.5502%
2021-07-28 09:40:05.154150,ADA-USD,Cardano USD,1.3054,+0.5502%
2021-07-28 09:40:09.463470,ADA-USD,Cardano USD,1.3054,+0.5502%
2021-07-28 09:40:13.867333,ADA-USD,Cardano USD,1.3054,+0.5502%
2021-07-28 09:40:18.404671,ADA-USD,Cardano USD,1.3038,+0.4521%
2021-07-28 09:40:22.804051,ADA-USD,Cardano USD,1.3038,+0.4521%
2021-07-28 09:40:27.025226,ADA-USD,Cardano USD,1.3038,+0.4521%
2021-07-28 09:40:31.258228,ADA-USD,Cardano USD,1.3038,+0.4521%
2021-07-28 09:40:35.811397,ADA-USD,Cardano USD,1.3038,+0.4521%
2021-07-28 09:40:40.481037,ADA-USD,Cardano USD,1.3038,+0.4521%
2021-07-28 09:40:44.866337,ADA-USD,Cardano USD,1.3038,+0.4521%
2021-07-28 09:40:49.417765,ADA-USD,Cardano USD,1.3038,+0.4521%
2021-07-28 09:40:53.924991,ADA-USD,Cardano USD,1.3038,+0.4521%
2021-07-28 09:40:59.000866,ADA-USD,Cardano USD,1.3038,+0.4521%
2021-07-28 09:41:04.218654,ADA-USD,Cardano USD,1.3038,+0.4521%
2021-07-28 09:41:09.511395,ADA-USD,Cardano USD,1.3038,+0.4521%
2021-07-28 09:41:15.028998,ADA-USD,Cardano USD,1.3038,+0.4521%
2021-07-28 09:41:21.137751,ADA-USD,Cardano USD,1.3038,+0.4521%
2021-07-28 09:41:26.373265,ADA-USD,Cardano USD,1.3038,+0.4521%
2021-07-28 09:41:31.577129,ADA-USD,Cardano USD,1.3038,+0.4521%
2021-07-28 09:41:36.671585,ADA-USD,Cardano USD,1.3038,+0.4521%
2021-07-28 09:41:41.543478,ADA-USD,Cardano USD,1.3038,+0.4521%
2021-07-28 09:41:46.194657,ADA-USD,Cardano USD,1.3038,+0.4521%
2021-07-28 09:41:50.979922,ADA-USD,Cardano USD,1.3038,+0.4521%
2021-07-28 09:41:55.695594,ADA-USD,Cardano USD,1.3038,+0.4521%
2021-07-28 09:42:00.663909,ADA-USD,Cardano USD,1.3038,+0.4521%
2021-07-28 09:42:05.727321,ADA-USD,Cardano USD,1.3038,+0.4521%
2021-07-28 09:42:10.811194,ADA-USD,Cardano USD,1.3038,+0.4521%
2021-07-28 09:42:15.820106,ADA-USD,Cardano USD,1.3037,+0.2835%
2021-07-28 09:42:20.871001,ADA-USD,Cardano USD,1.3037,+0.2835%
2021-07-28 09:42:25.573102,ADA-USD,Cardano USD,1.3037,+0.2835%
2021-07-28 09:42:30.408132,ADA-USD,Cardano USD,1.3037,+0.2835%
2021-07-28 09:42:36.185569,ADA-USD,Cardano USD,1.3037,+0.2835%
2021-07-28 09:42:40.927648,ADA-USD,Cardano USD,1.3037,+0.2835%
2021-07-28 09:42:45.422882,ADA-USD,Cardano USD,1.3037,+0.2835%
2021-07-28 09:42:50.048036,ADA-USD,Cardano USD,1.3037,+0.2835%
2021-07-28 09:42:54.506292,ADA-USD,Cardano USD,1.3037,+0.2835%
2021-07-28 09:42:59.474231,ADA-USD,Cardano USD,1.3037,+0.2835%
2021-07-28 09:43:04.082968,ADA-USD,Cardano USD,1.3037,+0.2835%
2021-07-28 09:43:09.034205,ADA-USD,Cardano USD,1.3037,+0.2835%
2021-07-28 09:43:13.830253,ADA-USD,Cardano USD,1.3009,+0.125%
2021-07-28 09:43:18.862153,ADA-USD,Cardano USD,1.3009,+0.125%
2021-07-28 09:43:23.654202,ADA-USD,Cardano USD,1.3009,+0.125%
2021-07-28 09:43:28.721082,ADA-USD,Cardano USD,1.3009,+0.125%
2021-07-28 09:43:33.655046,ADA-USD,Cardano USD,1.3009,+0.125%
2021-07-28 09:43:38.971742,ADA-USD,Cardano USD,1.3009,+0.125%
2021-07-28 09:43:43.718232,ADA-USD,Cardano USD,1.3009,+0.125%
2021-07-28 09:43:48.524592,ADA-USD,Cardano USD,1.3009,+0.125%
2021-07-28 09:43:53.223698,ADA-USD,Cardano USD,1.3009,+0.125%
2021-07-28 09:43:57.716932,ADA-USD,Cardano USD,1.3009,+0.125%
2021-07-28 09:44:02.538964,ADA-USD,Cardano USD,1.3009,+0.125%
2021-07-28 09:44:08.275462,ADA-USD,Cardano USD,1.3009,+0.125%
2021-07-28 09:44:12.856135,ADA-USD,Cardano USD,1.3009,+0.125%
2021-07-28 09:44:17.691728,ADA-USD,Cardano USD,1.2947,-0.3327%
2021-07-28 09:44:22.125998,ADA-USD,Cardano USD,1.2947,-0.3327%
2021-07-28 09:44:26.568268,ADA-USD,Cardano USD,1.2947,-0.3327%
2021-07-28 09:44:30.988544,ADA-USD,Cardano USD,1.2947,-0.3327%
2021-07-28 09:44:35.480777,ADA-USD,Cardano USD,1.2947,-0.3327%
2021-07-28 09:44:39.965018,ADA-USD,Cardano USD,1.2947,-0.3327%
2021-07-28 09:44:44.671120,ADA-USD,Cardano USD,1.2947,-0.3327%
2021-07-28 09:44:49.218319,ADA-USD,Cardano USD,1.2947,-0.3327%
