Date,Open,High,Low,Close,Volume,Dividends,Stock Splits,SMA_7,SMA_15
2018-08-08,73.81800079345703,76.52799987792969,73.42400360107422,74.06800079345703,122856000,0,0.0,68.24542890276227,64.34360020955404
2018-08-09,73.11000061035156,73.4020004272461,69.14600372314453,70.48999786376953,85919000,0,0.0,69.7971431187221,64.77320022583008
2018-08-10,70.80000305175781,72.0,69.19999694824219,71.0979995727539,57760000,0,0.0,71.35857173374721,65.33200022379557
2018-08-13,72.22599792480469,72.63800048828125,69.80400085449219,71.28199768066406,52319500,0,0.0,71.5548575265067,66.04146677652994
2018-08-14,71.69000244140625,71.83999633789062,69.41999816894531,69.52799987792969,34932000,0,0.0,71.53971426827567,66.71093343098958
2018-08-15,68.38200378417969,68.89800262451172,66.4280014038086,67.73799896240234,45506500,0,0.0,71.44542803083148,67.11026662190756
2018-08-16,67.98200225830078,68.45600128173828,66.76399993896484,67.08999633789062,30320000,0,0.0,70.18485586983817,67.49426625569662
2018-08-17,64.69999694824219,65.35399627685547,60.70600128173828,61.099998474121094,94793000,0,0.0,68.33228410993304,67.60519943237304
2018-08-20,58.34000015258789,61.70000076293945,57.63999938964844,61.6879997253418,87011500,0,0.0,67.07485580444336,67.84879938761394
2018-08-21,62.12200164794922,64.95800018310547,61.79999923706055,64.37999725341797,65861000,0,0.0,66.11514118739537,68.16559931437175
2018-08-22,64.17400360107422,64.7760009765625,62.933998107910156,64.3280029296875,29730000,0,0.0,65.12171336582729,68.4429328918457
2018-08-23,63.827999114990234,65.46399688720703,63.619998931884766,64.0199966430664,25736500,0,0.0,64.33485576084682,68.05039952596029
2018-08-24,64.13999938964844,64.7699966430664,63.880001068115234,64.56400299072266,18013000,0,0.0,63.88142776489258,67.71239954630533
2018-08-27,63.599998474121094,64.48799896240234,61.762001037597656,63.854000091552734,65396500,0,0.0,63.41914258684431,67.40946604410807
2018-08-28,63.68199920654297,63.7760009765625,62.237998962402344,62.37200164794922,38245500,0,0.0,63.600857325962615,66.5066660563151
2018-08-29,62.05400085449219,62.369998931884766,60.737998962402344,61.00199890136719,37237000,0,0.0,63.50285720825195,65.63559926350912
2018-08-30,60.45199966430664,60.91999816894531,59.54399871826172,60.630001068115234,36083500,0,0.0,62.96714346749442,64.97826614379883
2018-08-31,60.400001525878906,61.0620002746582,59.720001220703125,60.332000732421875,26875500,0,0.0,62.39628601074219,64.26053288777669
2018-09-04,59.38800048828125,59.63800048828125,57.599998474121094,57.790000915527344,41752500,0,0.0,61.50628662109375,63.36106643676758
2018-09-05,57.0099983215332,57.35599899291992,55.43600082397461,56.14799880981445,38604000,0,0.0,60.30400030953543,62.4690663655599
2018-09-06,56.959999084472656,58.23400115966797,55.7760009765625,56.189998626708984,37404000,0,0.0,59.2091429574149,61.69919967651367
2018-09-07,52.02000045776367,53.66999816894531,50.45000076293945,52.64799880981445,112459500,0,0.0,57.81999969482422,60.7363998413086
2018-09-10,54.652000427246094,57.20600128173828,54.20000076293945,57.099998474121094,71417500,0,0.0,57.26257106236049,60.469733174641924
2018-09-11,55.89400100708008,56.400001525878906,54.709999084472656,55.88800048828125,45850000,0,0.0,56.58514240809849,60.08306655883789
2018-09-12,56.28799819946289,58.5,55.72999954223633,58.108001708984375,50077000,0,0.0,56.26742826189314,59.66493352254232
2018-09-13,57.604000091552734,59.0,57.0359992980957,57.891998291015625,31701500,0,0.0,56.28199931553432,59.23586654663086
2018-09-14,57.75199890136719,59.465999603271484,57.30400085449219,59.040000915527344,33828000,0,0.0,56.695142473493306,58.90386683146159
2018-09-17,58.007999420166016,60.17399978637695,57.625999450683594,58.96799850463867,34438000,0,0.0,57.09199959891183,58.530799865722656
2018-09-18,59.3380012512207,60.52799987792969,55.099998474121094,56.992000579833984,82737500,0,0.0,57.71257128034319,58.073333231608075
2018-09-19,56.10200119018555,60.0,56.099998474121094,59.80400085449219,41474500,0,0.0,58.09885733468192,57.90213317871094
2018-09-20,60.71200180053711,61.19599914550781,58.66600036621094,59.66600036621094,36747000,0,0.0,58.63857160295759,57.81306660970052
2018-09-21,59.540000915527344,60.11600112915039,59.07400131225586,59.81999969482422,25252500,0,0.0,58.88314274379185,57.75906651814778
2018-09-24,59.69599914550781,60.599998474121094,58.715999603271484,59.93600082397461,24215000,0,0.0,59.17514310564314,57.7326665242513
2018-09-25,60.0,60.91999816894531,59.29999923706055,60.198001861572266,22408500,0,0.0,59.34057181222098,57.8931999206543
2018-09-26,60.38199996948242,62.77799987792969,60.22200012207031,61.91600036621094,39216000,0,0.0,59.761714935302734,58.277733357747394
2018-09-27,62.58000183105469,62.992000579833984,61.38199996948242,61.50400161743164,42545500,0,0.0,60.4062865121024,58.63200022379557
2018-09-28,54.051998138427734,55.599998474121094,52.11199951171875,52.95399856567383,168248500,0,0.0,59.42771475655692,58.652400207519534
2018-10-01,61.15399932861328,62.28799819946289,60.209999084472656,62.13999938964844,108888000,0,0.0,59.78114318847656,58.988400268554685
2018-10-02,62.790000915527344,63.36800003051758,59.83000183105469,60.20399856567383,58717500,0,0.0,59.83600017002651,59.27613347371419
2018-10-03,60.66600036621094,60.91999816894531,58.31399917602539,58.959999084472656,39975000,0,0.0,59.696571350097656,59.332933298746745
2018-10-04,58.790000915527344,58.79999923706055,55.534000396728516,56.36600112915039,49071000,0,0.0,59.149142674037385,59.23120015462239
2018-10-05,54.93000030517578,54.97600173950195,52.0,52.38999938964844,89722500,0,0.0,57.788285391671316,58.7878667195638
2018-10-08,52.90399932861328,53.551998138427734,49.79999923706055,50.11199951171875,67363500,0,0.0,56.160856519426616,58.19746678670247
2018-10-09,51.04999923706055,53.354000091552734,50.65999984741211,52.560001373291016,60303000,0,0.0,56.104571206229075,57.902000172932944
2018-10-10,52.922000885009766,53.10200119018555,49.55400085449219,51.375999450683594,64076500,0,0.0,54.5668569292341,57.34013341267904
2018-10-11,51.50600051879883,52.45000076293945,49.805999755859375,50.44599914550781,40838500,0,0.0,53.172857012067524,56.72546666463216
2018-10-12,52.20000076293945,52.39799880981445,50.402000427246094,51.75600051879883,36007000,0,0.0,52.1437143598284,56.1878667195638
2018-10-15,51.8120002746582,52.65599822998047,50.90800094604492,51.917999267578125,31000000,0,0.0,51.50828552246094,55.653333282470705
2018-10-16,53.13999938964844,55.47600173950195,52.448001861572266,55.31800079345703,47632000,0,0.0,51.92657143729074,55.327999877929685
2018-10-17,56.47999954223633,56.540000915527344,53.15999984741211,54.35599899291992,43277500,0,0.0,52.53285707746233,54.82399978637695
2018-10-18,53.858001708984375,54.20000076293945,52.599998474121094,52.78200149536133,27106000,0,0.0,52.564571380615234,54.242533111572264
2018-10-19,53.47800064086914,53.93199920654297,50.70000076293945,52.0,46877500,0,0.0,52.65371431623186,54.178933207194014
2018-10-22,52.13600158691406,52.37200164794922,50.518001556396484,52.189998626708984,28001500,0,0.0,52.9028570992606,53.51559982299805
2018-10-23,52.77399826049805,59.58599853515625,52.41999816894531,58.827999114990234,95139000,0,0.0,53.91314261300223,53.423866526285806
2018-10-24,60.209999084472656,60.88800048828125,57.145999908447266,57.70000076293945,100291500,0,0.0,54.739142826625276,53.339866638183594
2018-10-25,63.444000244140625,64.19999694824219,60.20199966430664,62.97200012207031,104203500,0,0.0,55.83257130214146,53.78026657104492
2018-10-26,61.650001525878906,67.9800033569336,61.33000183105469,66.18000030517578,137127500,0,0.0,57.52171434674944,54.69959996541341
2018-10-29,67.49400329589844,69.43199920654297,65.30000305175781,66.97000122070312,72430000,0,0.0,59.5485714503697,55.82346674601237
2018-10-30,65.6780014038086,67.58000183105469,64.4520034790039,65.9800033569336,45633500,0,0.0,61.545714787074495,56.718133544921876
2018-10-31,66.50800323486328,68.4000015258789,65.81999969482422,67.46399688720703,38121500,0,0.0,63.72771453857422,57.79066670735677
2018-11-01,67.6520004272461,69.56800079345703,66.94599914550781,68.85600280761719,40000500,0,0.0,65.16028649466378,59.01800028483073
2018-11-02,68.74800109863281,69.83999633789062,68.18199920654297,69.28199768066406,39040000,0,0.0,66.81485748291016,60.18640009562174
2018-11-05,68.0999984741211,68.79199981689453,66.02799987792969,68.27999877929688,39155000,0,0.0,67.5731430053711,61.277200063069664
2018-11-06,67.81400299072266,69.76000213623047,67.21800231933594,68.21199798583984,33814500,0,0.0,67.8634283883231,62.136799875895186
2018-11-07,68.66799926757812,70.23600006103516,68.16000366210938,69.63200378417969,36872500,0,0.0,68.24371446881976,63.1552001953125
2018-11-08,69.69999694824219,71.51599884033203,69.68800354003906,70.27999877929688,35453500,0,0.0,68.85799952915737,64.32173334757486
2018-11-09,69.80000305175781,70.80000305175781,69.0459976196289,70.10199737548828,25494000,0,0.0,69.23485674176898,65.52853317260742
2018-11-12,69.67400360107422,69.95600128173828,66.06800079345703,66.25599670410156,34707500,0,0.0,68.8634272984096,66.46626637776693
2018-11-13,66.63200378417969,68.94000244140625,66.44000244140625,67.74600219726562,27243000,0,0.0,68.64399937220982,67.06079991658528
2018-11-14,68.54000091552734,69.4219970703125,67.43000030517578,68.80000305175781,25201500,0,0.0,68.7182856968471,67.80080006917318
2018-11-15,68.46600341796875,69.71600341796875,67.80799865722656,69.68800354003906,23128500,0,0.0,68.92914363316127,68.2485336303711
2018-11-16,69.03800201416016,71.13999938964844,69.02400207519531,70.86199951171875,36031000,0,0.0,69.10485730852399,68.56066691080729
2018-11-19,71.26799774169922,73.3499984741211,70.57599639892578,70.69400024414062,48544500,0,0.0,69.16400037493024,68.80893351236979
2018-11-20,68.3499984741211,69.95999908447266,66.70999908447266,69.49800109863281,40023500,0,0.0,69.07771519252232,69.04346669514975
2018-11-21,70.4000015258789,70.62000274658203,67.4800033569336,67.63800048828125,23434000,0,0.0,69.275144304548,69.05506693522135
2018-11-23,66.87000274658203,67.5,65.11000061035156,65.16600036621094,21013000,0,0.0,68.90657261439732,68.80906677246094
2018-11-26,65.0,69.24400329589844,65.0,69.19999694824219,39960500,0,0.0,68.96371459960938,68.80360005696615
2018-11-27,68.01000213623047,69.39199829101562,67.0999984741211,68.78399658203125,31791500,0,0.0,68.8345707484654,68.83719991048177
2018-11-28,69.197998046875,69.65599822998047,68.44200134277344,69.5739974975586,20638000,0,0.0,68.65057046072823,68.9279998779297
2018-11-29,69.4000015258789,69.5,67.91000366210938,68.23400115966797,15403500,0,0.0,68.29914202008929,68.83479970296224
2018-11-30,68.36599731445312,70.31999969482422,67.6520004272461,70.09600067138672,28145500,0,0.0,68.3845705304827,68.8225331624349
2018-12-03,72.0,73.19999694824219,70.4000015258789,71.697998046875,41532500,0,0.0,68.96457018171039,68.928933207194
2018-12-04,71.20999908447266,73.73600006103516,70.4000015258789,71.94000244140625,42309500,0,0.0,69.93228476388114,69.30786692301432
2018-12-06,71.2020034790039,73.47599792480469,70.1520004272461,72.61199951171875,39212500,0,0.0,70.41971370152065,69.63226674397787
2018-12-07,73.80000305175781,75.89800262451172,71.52999877929688,71.59400177001953,57556000,0,0.0,70.8211430140904,69.81853332519532
2018-12-10,72.0,73.19599914550781,70.6240005493164,73.02999877929688,33067500,0,0.0,71.31485748291016,70.0413330078125
2018-12-11,73.98200225830078,74.43399810791016,72.0459976196289,73.35199737548828,31544000,0,0.0,72.04599979945591,70.20733286539713
2018-12-12,73.88400268554688,74.38200378417969,73.03199768066406,73.31999969482422,25135000,0,0.0,72.50657108851841,70.38239949544271
2018-12-13,74.02999877929688,75.48799896240234,73.3499984741211,75.35800170898438,36829500,0,0.0,73.02942875453404,70.77306620279948
2018-12-14,75.0,75.5739974975586,72.86599731445312,73.14199829101562,31688000,0,0.0,73.20114244733539,71.13999938964844
2018-12-17,72.4000015258789,73.13999938964844,68.7760009765625,69.68399810791016,38370000,0,0.0,72.78285653250558,71.44119923909506
2018-12-18,70.10800170898438,70.30999755859375,66.73799896240234,67.40599822998047,35500000,0,0.0,72.1845703125,71.32159932454427
2018-12-19,67.5199966430664,69.4020004272461,65.947998046875,66.59400177001953,41371000,0,0.0,71.26514216831752,71.17559967041015
2018-12-20,65.41000366210938,66.05799865722656,62.374000549316406,63.07600021362305,45359500,0,0.0,69.79714257376534,70.74239985148112
2018-12-21,63.47999954223633,64.69400024414062,62.487998962402344,63.95399856567383,40084000,0,0.0,68.45914241245815,70.45706634521484
2018-12-24,62.70000076293945,62.900001525878906,59.040000915527344,59.077999114990234,27799500,0,0.0,66.13342775617328,69.72253290812175
2018-12-26,60.0,65.39399719238281,58.81800079345703,65.21800231933594,40815500,0,0.0,65.0014283316476,69.29053319295248
2018-12-27,63.96799850463867,64.43399810791016,60.29999923706055,63.22600173950195,42875500,0,0.0,64.078857421875,68.70959981282552
2018-12-28,64.62000274658203,67.24800109863281,63.68199920654297,66.77400207519531,49695000,0,0.0,63.98857225690569,68.32039998372396
2018-12-31,67.55799865722656,67.84200286865234,65.052001953125,66.55999755859375,31511500,0,0.0,63.98371451241629,67.98479970296223
2019-01-02,61.220001220703125,63.0260009765625,59.7599983215332,62.02399826049805,58293000,0,0.0,63.83342851911272,67.25106633504232
2019-01-03,61.400001525878906,61.880001068115234,59.47600173950195,60.071998596191406,34826000,0,0.0,63.27885709490095,66.3657330830892
2019-01-04,61.20000076293945,63.599998474121094,60.54600143432617,63.53799819946289,36970500,0,0.0,63.91599982125418,65.7135996500651
2019-01-07,64.34400177001953,67.3479995727539,63.54999923706055,66.99199676513672,37756000,0,0.0,64.16942759922573,65.15586598714192
2019-01-08,68.39199829101562,68.802001953125,65.40399932861328,67.06999969482422,35042500,0,0.0,64.71857016427177,64.75106608072916
2019-01-09,67.0999984741211,68.69999694824219,66.29399871826172,67.70600128173828,27164500,0,0.0,64.85171290806362,64.61919962565104
2019-01-10,66.87999725341797,69.0780029296875,66.35800170898438,68.99400329589844,30282000,0,0.0,65.19942801339286,64.72506663004557
2019-01-11,68.41799926757812,69.68199920654297,67.75399780273438,69.4520034790039,25195500,0,0.0,66.26057161603656,64.9156000773112
2019-01-14,68.47599792480469,68.5,66.80000305175781,66.87999725341797,26236500,0,0.0,67.2331428527832,65.1691998799642
2019-01-15,67.0,69.76000213623047,66.9000015258789,68.88600158691406,30283000,0,0.0,67.9971433367048,65.49800008138021
2019-01-16,68.95600128173828,70.4000015258789,68.69999694824219,69.20999908447266,23458500,0,0.0,68.31400081089565,66.17346674601237
2019-01-17,69.24199676513672,70.30000305175781,68.83000183105469,69.46199798583984,18383500,0,0.0,68.6557148524693,66.45639979044596
2019-01-18,64.5999984741211,65.4260025024414,59.94599914550781,60.45199966430664,120754000,0,0.0,67.61942890712193,66.27146631876627
2019-01-22,60.9640007019043,61.599998474121094,59.099998474121094,59.784000396728516,60333500,0,0.0,66.30371420724052,65.80546620686849
2019-01-23,58.5,58.900001525878906,56.3380012512207,57.518001556396484,62650000,0,0.0,64.59885678972516,65.20266647338867
2019-01-24,56.60599899291992,58.736000061035156,55.85599899291992,58.301998138427734,40061000,0,0.0,63.37342834472656,64.95453313191732
2019-01-25,58.87799835205078,59.70399856567383,57.90999984741211,59.40800094604492,36248000,0,0.0,62.01942825317383,64.91026662190755
2019-01-28,58.582000732421875,59.492000579833984,57.54999923706055,59.2760009765625,32116500,0,0.0,60.60028566632952,64.62613347371419
2019-01-29,59.05400085449219,59.71200180053711,58.36000061035156,59.492000579833984,23108500,0,0.0,59.1760003226144,64.12613372802734
2019-01-30,60.09000015258789,61.79999923706055,59.698001861572266,61.75400161743164,56251500,0,0.0,59.36200060163225,63.77173385620117
2019-01-31,60.20000076293945,62.3120002746582,58.79999923706055,61.40399932861328,62846000,0,0.0,59.59342902047293,63.351600392659506
2019-02-01,61.08399963378906,63.220001220703125,60.70000076293945,62.44200134277344,36417000,0,0.0,60.29685756138393,62.91480026245117
2019-02-04,62.59600067138672,63.060001373291016,60.375999450683594,62.577999114990234,36760500,0,0.0,60.90771484375,62.45653330485026
2019-02-05,62.49800109863281,64.48799896240234,62.45000076293945,64.2699966430664,33714000,0,0.0,61.60228565761021,62.28253326416016
2019-02-06,63.917999267578125,64.8479995727539,63.124000549316406,63.444000244140625,25192500,0,0.0,62.197714124407085,61.91973317464193
2019-02-07,62.65999984741211,62.939998626708984,60.599998474121094,61.50199890136719,32603000,0,0.0,62.48485674176897,61.40586649576823
2019-02-08,61.36600112915039,61.4900016784668,59.70000076293945,61.15999984741211,29221000,0,0.0,62.3999993460519,60.85239995320638
2019-02-11,62.31999969482422,63.720001220703125,62.099998474121094,62.56800079345703,35648500,0,0.0,62.566285269601,60.99346669514974
2019-02-12,63.2400016784668,63.63800048828125,61.92399978637695,62.36199951171875,27588000,0,0.0,62.55485643659319,61.16533330281575
2019-02-13,62.470001220703125,62.54999923706055,61.11399841308594,61.63399887084961,25708000,0,0.0,62.419999258858816,61.4397331237793
2019-02-14,60.67599868774414,61.354000091552734,60.20000076293945,60.75400161743164,26004000,0,0.0,61.91771425519671,61.60320002237956
2019-02-15,60.900001525878906,61.599998474121094,60.779998779296875,61.57600021362305,19524500,0,0.0,61.65085710797991,61.74773330688477
2019-02-19,61.3120002746582,62.30799865722656,61.09400177001953,61.12799835205078,20842000,0,0.0,61.597428458077566,61.87119979858399
2019-02-20,60.88199996948242,61.2599983215332,59.79999923706055,60.512001037597656,35710500,0,0.0,61.504857199532644,61.93919982910156
2019-02-21,60.36199951171875,60.64799880981445,58.099998474121094,58.24599838256836,44546000,0,0.0,60.887428283691406,61.70533294677735
2019-02-22,58.89799880981445,59.29999923706055,58.41999816894531,58.94200134277344,28703000,0,0.0,60.39885711669922,61.54119974772136
2019-02-25,59.582000732421875,60.58000183105469,59.400001525878906,59.75400161743164,33132500,0,0.0,60.13028608049665,61.3619997660319
2019-02-26,58.444000244140625,60.402000427246094,57.75400161743164,59.571998596191406,42912500,0,0.0,59.96142850603376,61.161599731445314
2019-02-27,60.35599899291992,63.2599983215332,60.11000061035156,62.948001861572266,55919500,0,0.0,60.15742874145508,61.07346674601237
2019-02-28,63.784000396728516,64.0,62.1619987487793,63.97600173950195,52603500,0,0.0,60.564286368233816,61.108933512369795
2019-03-01,61.38800048828125,61.42599868774414,58.380001068115234,58.95800018310547,114557000,0,0.0,60.3422862461635,60.93933359781901
2019-03-04,59.624000549316406,59.79999923706055,56.555999755859375,57.071998596191406,85484000,0,0.0,60.1745719909668,60.66680018107096
2019-03-05,56.400001525878906,56.79999923706055,54.02000045776367,55.30799865722656,93823500,0,0.0,59.65542875017439,60.1828000386556
2019-03-06,55.29600143432617,56.301998138427734,54.87799835205078,55.24800109863281,51677500,0,0.0,59.01171439034598,59.708533477783206
2019-03-07,55.768001556396484,56.939998626708984,54.849998474121094,55.31800079345703,47212500,0,0.0,58.404000418526785,59.28746693929036
2019-03-08,55.38199996948242,57.11800003051758,55.178001403808594,56.827999114990234,44098000,0,0.0,57.52971431187221,59.025733439127606
2019-03-11,56.70399856567383,58.25600051879883,56.099998474121094,58.183998107910156,36961500,0,0.0,56.70228522164481,58.799599965413414
2019-03-12,57.29800033569336,57.61399841308594,56.21200180053711,56.672000885009766,37520500,0,0.0,56.37571389334543,58.502533467610675
2019-03-13,56.779998779296875,58.39799880981445,56.540000915527344,57.79199981689453,34223500,0,0.0,56.478571210588726,58.32120005289713
2019-03-14,58.4900016784668,59.077999114990234,57.65800094604492,57.992000579833984,35517000,0,0.0,56.862000056675505,58.304266866048174
2019-03-15,56.70199966430664,56.74399948120117,54.880001068115234,55.08599853515625,73927500,0,0.0,56.83885683332171,58.04720001220703
2019-03-18,55.20000076293945,55.61000061035156,53.459999084472656,53.89799880981445,51405000,0,0.0,56.635999407087056,57.65679982503255
2019-03-19,53.5,54.65999984741211,52.69200134277344,53.49399948120117,59003000,0,0.0,56.15971374511719,57.251599884033205
2019-03-20,53.9379997253418,54.99399948120117,53.2599983215332,54.720001220703125,34541000,0,0.0,55.66485704694475,56.70306650797526
2019-03-21,54.52000045776367,55.290000915527344,53.689998626708984,54.80400085449219,29735500,0,0.0,55.39799989972796,56.091599782307945
2019-03-22,54.51599884033203,54.560001373291016,52.79999923706055,52.90599822998047,43728000,0,0.0,54.69999967302595,55.688132985432944
2019-03-25,51.94200134277344,52.63600158691406,50.891998291015625,52.08399963378906,51075000,0,0.0,53.85599953787668,55.35559972127279
2019-03-26,52.88800048828125,54.051998138427734,52.88600158691406,53.55400085449219,36754500,0,0.0,53.63714272635324,55.23866653442383
2019-03-27,53.75,55.07400131225586,53.63600158691406,54.965999603271484,43896000,0,0.0,53.78971426827567,55.21986643473307
2019-03-28,55.43199920654297,56.066001892089844,55.02000045776367,55.7239990234375,33870500,0,0.0,54.10828563145229,55.24693298339844
2019-03-29,55.7400016784668,56.03200149536133,54.900001525878906,55.97200012207031,29956500,0,0.0,54.28714261736189,55.189866383870445
2019-04-01,56.52399826049805,57.84000015258789,56.25600051879883,57.83599853515625,40552000,0,0.0,54.72028514317104,55.166666412353514
2019-04-02,57.65999984741211,57.88800048828125,56.7760009765625,57.17599868774414,27394500,0,0.0,55.33028520856585,55.20026626586914
2019-04-03,57.4640007019043,59.23400115966797,57.433998107910156,58.36199951171875,39597000,0,0.0,56.227142333984375,55.23826624552409
2019-04-04,52.37799835205078,54.2400016784668,52.11800003051758,53.555999755859375,118603500,0,0.0,56.22742789132254,54.94253285725912
2019-04-05,53.97200012207031,55.220001220703125,53.22200012207031,54.992000579833984,65191500,0,0.0,56.23114231654576,54.936266326904295
2019-04-08,55.53799819946289,56.231998443603516,54.0880012512207,54.63999938964844,52052000,0,0.0,56.076285226004465,54.98573303222656
2019-04-09,54.33000183105469,55.0,53.922000885009766,54.46200180053711,29520000,0,0.0,55.86057118007115,55.05026652018229
2019-04-10,55.347999572753906,55.67599868774414,54.577999114990234,55.21200180053711,35306500,0,0.0,55.48571450369699,55.08306655883789
2019-04-11,53.65999984741211,54.099998474121094,53.119998931884766,53.683998107910156,49179500,0,0.0,54.98685727800642,55.008399709065756
2019-04-12,54.04399871826172,54.38999938964844,53.36600112915039,53.540000915527344,33730000,0,0.0,54.29800033569336,55.05066655476888
2019-04-15,53.72600173950195,53.7760009765625,51.72600173950195,53.2760009765625,50193000,0,0.0,54.25800051007952,55.130133310953774
2019-04-16,53.150001525878906,55.0,52.944000244140625,54.672000885009766,36364500,0,0.0,54.21228626796177,55.20466664632161
2019-04-17,54.95000076293945,54.95800018310547,53.70800018310547,54.24599838256836,25632500,0,0.0,54.156000409807476,55.1566665649414
2019-04-18,54.24599838256836,54.96799850463867,53.95000076293945,54.652000427246094,29381500,0,0.0,54.1831430707659,55.08519999186198
2019-04-22,53.79999923706055,53.93600082397461,52.49599838256836,52.54999923706055,60735500,0,0.0,53.802856990269255,54.857066599528
2019-04-23,52.029998779296875,53.119998931884766,51.150001525878906,52.779998779296875,54719500,0,0.0,53.67371422903879,54.51999994913737
2019-04-24,52.77000045776367,53.06399917602539,51.599998474121094,51.731998443603516,53637500,0,0.0,53.415428161621094,54.157066599527994
2019-04-25,51.0,51.79999923706055,49.2140007019043,49.5260009765625,109247000,0,0.0,52.87971387590681,53.56800003051758
2019-04-26,49.29999923706055,49.33599853515625,46.22600173950195,47.02799987792969,111803500,0,0.0,51.78771373203823,53.132800038655596
2019-04-29,47.172000885009766,48.79600143432617,46.433998107910156,48.29399871826172,83572500,0,0.0,50.93742806570871,52.686266581217446
2019-04-30,48.4119987487793,48.84199905395508,47.400001525878906,47.737998962402344,47323000,0,0.0,49.94971357073103,52.22613321940104
2019-05-01,47.77000045776367,48.0,46.29999923706055,46.801998138427734,53522000,0,0.0,49.128570556640625,51.71546630859375
2019-05-02,49.104000091552734,49.42599868774414,47.54399871826172,48.81999969482422,90796500,0,0.0,48.56285640171596,51.28933283487956
2019-05-03,48.77199935913086,51.321998596191406,48.698001861572266,51.00600051879883,118534000,0,0.0,48.45914241245815,51.110799662272136
2019-05-06,50.00400161743164,51.66999816894531,49.70000076293945,51.06800079345703,54169500,0,0.0,48.67942810058594,50.94599965413411
2019-05-07,51.36000061035156,51.44200134277344,49.02000045776367,49.4119987487793,50657000,0,0.0,49.01999936785017,50.68839950561524
2019-05-08,49.38800048828125,50.119998931884766,48.84000015258789,48.96799850463867,30882000,0,0.0,49.116285051618306,50.30813268025716
2019-05-09,48.400001525878906,48.736000061035156,47.38800048828125,48.395999908447266,33557000,0,0.0,49.21028518676758,49.91813278198242
2019-05-10,47.95000076293945,48.39799880981445,47.20399856567383,47.90399932861328,35041500,0,0.0,49.367713928222656,49.468266042073566
2019-05-13,46.402000427246094,46.49399948120117,44.900001525878906,45.402000427246094,54174000,0,0.0,48.879428318568635,48.99173278808594
2019-05-14,45.86000061035156,46.900001525878906,45.599998474121094,46.46200180053711,36262000,0,0.0,48.23028564453125,48.570532989501956
2019-05-15,45.86399841308594,46.487998962402344,45.04999923706055,46.38999938964844,36480000,0,0.0,47.56199972970145,48.21439971923828
2019-05-16,45.89799880981445,46.20000076293945,45.29999923706055,45.66600036621094,37416500,0,0.0,47.02685710362026,47.95706634521484
2019-05-17,44.391998291015625,44.448001861572266,41.784000396728516,42.20600128173828,88933500,0,0.0,46.060857500348774,47.635599772135414
2019-05-20,40.560001373291016,41.20000076293945,39.04999923706055,41.071998596191406,102631000,0,0.0,45.01457159859793,47.15413309733073
2019-05-21,39.551998138427734,41.47999954223633,39.20800018310547,41.01599884033203,90019500,0,0.0,44.030571528843474,46.705999755859374
2019-05-22,39.81999969482422,40.78799819946289,38.35599899291992,38.54600143432617,93426000,0,0.0,43.05114310128348,46.155599975585936
2019-05-23,38.86800003051758,39.89400100708008,37.24399948120117,39.097999572753906,132735500,0,0.0,41.99914278302874,45.507466634114586
2019-05-24,39.965999603271484,39.99599838256836,37.75,38.125999450683594,70683000,0,0.0,40.818571363176616,44.648799896240234
2019-05-28,38.2400016784668,39.0,37.56999969482422,37.7400016784668,51564500,0,0.0,39.68628583635603,43.760266621907554
2019-05-29,37.41999816894531,38.47800064086914,37.007999420166016,37.97200012207031,59843000,0,0.0,39.08142852783203,42.99760004679362
2019-05-30,37.75,38.45199966430664,37.40399932861328,37.64400100708008,39632500,0,0.0,38.591714586530415,42.24266688028971
2019-05-31,37.02000045776367,37.98400115966797,36.81999969482422,37.03200149536133,52033500,0,0.0,38.02257210867746,41.485066986083986
2019-06-03,37.10200119018555,37.33599853515625,35.39799880981445,35.79399871826172,65322000,0,0.0,37.62942886352539,40.67773361206055
2019-06-04,36.220001220703125,38.79600143432617,35.922000885009766,38.720001220703125,69037500,0,0.0,37.57542909894671,40.23226699829102
2019-06-05,39.736000061035156,40.25600051879883,38.369998931884766,39.31800079345703,67554000,0,0.0,37.7457150050572,39.75600026448568
2019-06-06,40.88800048828125,42.20000076293945,40.36000061035156,41.189998626708984,101211000,0,0.0,38.23857171194894,39.40933354695638
2019-06-07,41.0,42.167999267578125,40.70000076293945,40.900001525878906,80017500,0,0.0,38.65685762677874,39.091600290934245
2019-06-10,42.04999923706055,43.38800048828125,41.801998138427734,42.57600021362305,52925000,0,0.0,39.361428941999165,39.11626688639323
2019-06-11,43.827999114990234,44.18000030517578,42.70000076293945,43.41999816894531,58267500,0,0.0,40.273999895368306,39.27280019124349
2019-06-12,44.59000015258789,44.67599868774414,41.79999923706055,41.85200119018555,75987500,0,0.0,41.13942881992885,39.32853368123372
2019-06-13,42.07600021362305,42.97999954223633,41.50199890136719,42.78200149536133,40841500,0,0.0,41.71971457345145,39.61093368530273
2019-06-14,42.25,43.33000183105469,42.08000183105469,42.98400115966797,37167000,0,0.0,42.24342891148159,39.87000045776367
2019-06-17,43.09600067138672,45.400001525878906,42.854000091552734,45.00600051879883,61584000,0,0.0,42.78857203892299,40.32866719563802
2019-06-18,45.74399948120117,46.948001861572266,44.512001037597656,44.948001861572266,63579000,0,0.0,43.3668578011649,40.809200541178384
2019-06-19,45.02199935913086,45.55400085449219,44.21200180053711,45.2859992980957,32875500,0,0.0,43.75400052751814,41.296800486246745
2019-06-20,44.599998474121094,45.380001068115234,43.27000045776367,43.92399978637695,59317500,0,0.0,43.8260007585798,41.715467071533205
2019-06-21,43.24399948120117,44.43600082397461,43.099998474121094,44.37200164794922,41010500,0,0.0,44.18600082397461,42.20480041503906
2019-06-24,44.64799880981445,45.172000885009766,44.20399856567383,44.72800064086914,28754000,0,0.0,44.4640007019043,42.80040054321289
2019-06-25,44.87799835205078,45.06800079345703,43.89799880981445,43.95199966430664,30910500,0,0.0,44.602286202566965,43.149200439453125
2019-06-26,44.0620002746582,45.44599914550781,43.619998931884766,43.854000091552734,42536000,0,0.0,44.43771471296038,43.45160039265951
2019-06-27,43.88999938964844,44.58000183105469,43.470001220703125,44.56800079345703,31698500,0,0.0,44.38342884608677,43.67680053710937
2019-06-28,44.198001861572266,45.034000396728516,44.15999984741211,44.69200134277344,34257000,0,0.0,44.29857199532645,43.92960052490234
2019-07-01,46.04199981689453,46.619998931884766,45.25600051879883,45.433998107910156,41067000,0,0.0,44.514286041259766,44.12013371785482
2019-07-02,45.77799987792969,45.83000183105469,44.444000244140625,44.90999984741211,46295000,0,0.0,44.59114292689732,44.21946716308594
2019-07-03,47.87799835205078,48.31399917602539,46.902000427246094,46.97999954223633,71005500,0,0.0,44.91285705566406,44.561333719889326
2019-07-05,46.91400146484375,47.09000015258789,46.15999984741211,46.619998931884766,35328500,0,0.0,45.29399980817522,44.81720021565755
2019-07-08,46.24800109863281,46.45000076293945,45.731998443603516,46.06800079345703,29402500,0,0.0,45.61028562273298,45.02280019124349
2019-07-09,45.79399871826172,46.20000076293945,45.45600128173828,46.012001037597656,30954000,0,0.0,45.816571371895925,45.089866892496744
2019-07-10,46.83000183105469,47.78799819946289,46.62799835205078,47.784000396728516,45728500,0,0.0,46.25828552246094,45.27893346150716
2019-07-11,47.62799835205078,48.29999923706055,47.15999984741211,47.720001220703125,37572000,0,0.0,46.58485739571707,45.441200256347656
2019-07-12,47.95000076293945,49.07600021362305,47.94200134277344,49.01599884033203,46002500,0,0.0,47.17142868041992,45.78066685994466
2019-07-15,49.599998474121094,50.88399887084961,48.97200012207031,50.70000076293945,55000500,0,0.0,47.70285742623465,46.20253346761068
2019-07-16,49.86000061035156,50.70600128173828,49.58599853515625,50.47600173950195,40745000,0,0.0,48.25371497017996,46.585733540852864
2019-07-17,51.13399887084961,51.6619987487793,50.66999816894531,50.97200012207031,48823500,0,0.0,48.95428630283901,47.053733571370444
2019-07-18,51.0099983215332,51.150001525878906,50.37799835205078,50.70800018310547,23793000,0,0.0,49.625143323625835,47.510666910807295
2019-07-19,51.13800048828125,51.992000579833984,50.92399978637695,51.63600158691406,35242000,0,0.0,50.17542920793806,47.98186696370443
2019-07-22,51.75,52.43000030517578,50.8380012512207,51.13600158691406,34212000,0,0.0,50.663429260253906,48.41146697998047
2019-07-23,51.34199905395508,52.09600067138672,50.900001525878906,52.034000396728516,25115500,0,0.0,51.094572339739116,48.85146713256836
2019-07-24,51.83399963378906,53.2140007019043,51.63199996948242,52.97600173950195,55364000,0,0.0,51.4197153363909,49.389200592041014
2019-07-25,46.70000076293945,46.900001525878906,45.11000061035156,45.763999938964844,112091500,0,0.0,50.74657222202846,49.30813395182292
2019-07-26,45.38399887084961,46.051998138427734,44.45000076293945,45.608001708984375,50138500,0,0.0,49.98028673444475,49.24066747029622
2019-07-29,45.417999267578125,47.1879997253418,45.20600128173828,47.15399932861328,46366500,0,0.0,49.472572326660156,49.31306737263997
2019-07-30,46.58000183105469,48.672000885009766,46.43600082397461,48.45199966430664,40545000,0,0.0,49.01771490914481,49.47573394775391
2019-07-31,48.599998474121094,49.33599853515625,47.33000183105469,48.321998596191406,45891000,0,0.0,48.61571448189871,49.511600494384766
2019-08-01,48.529998779296875,48.902000427246094,46.354000091552734,46.77000045776367,41297500,0,0.0,47.86371449061802,49.4482671101888
2019-08-02,46.27000045776367,47.25400161743164,45.84600067138672,46.86800003051758,30682500,0,0.0,46.991142817905974,49.305067189534505
2019-08-05,45.91999816894531,46.27399826049805,45.15599822998047,45.66400146484375,35141500,0,0.0,46.97685732160296,48.96933390299479
2019-08-06,46.375999450683594,46.5,45.150001525878906,46.150001525878906,27821000,0,0.0,47.054285866873606,48.68093388875325
2019-08-07,45.29999923706055,46.7140007019043,45.15999984741211,46.683998107910156,23882500,0,0.0,46.987142835344585,48.395067087809245
2019-08-08,46.88999938964844,47.959999084472656,46.529998779296875,47.65999984741211,26371500,0,0.0,46.87400000435965,48.19186706542969
2019-08-09,47.209999084472656,47.79199981689453,46.762001037597656,47.00199890136719,19491000,0,0.0,46.685428619384766,47.88293355305989
2019-08-12,46.597999572753906,47.15399932861328,45.75,45.801998138427734,23319500,0,0.0,46.54714257376535,47.52733332316081
2019-08-13,45.762001037597656,47.20000076293945,45.5099983215332,47.0,24240500,0,0.0,46.56599971226284,47.191733296712236
2019-08-14,46.242000579833984,46.29999923706055,43.3380012512207,43.92399978637695,47813000,0,0.0,46.31742804391043,46.58826649983724
2019-08-15,44.172000885009766,44.3120002746582,42.310001373291016,43.12799835205078,40798000,0,0.0,45.885713304792134,46.412533060709634
2019-08-16,43.332000732421875,44.448001861572266,43.20399856567383,43.987998962402344,25492500,0,0.0,45.500570569719585,46.30453287760417
2019-08-19,44.84199905395508,45.566001892089844,44.34000015258789,45.36600112915039,26548000,0,0.0,45.17285646711077,46.185332997639975
2019-08-20,45.52399826049805,45.81800079345703,44.90800094604492,45.172000885009766,20626000,0,0.0,44.91142817905971,45.96666641235352
2019-08-21,44.402000427246094,44.64400100708008,43.52000045776367,44.16600036621094,38971500,0,0.0,44.67771421160017,45.68959986368815
2019-08-22,44.560001373291016,45.08000183105469,43.64400100708008,44.43000030517578,32795000,0,0.0,44.31057139805385,45.533599853515625
2019-08-23,43.99399948120117,44.23400115966797,42.20000076293945,42.279998779296875,42693000,0,0.0,44.075714111328125,45.22773310343425
2019-08-26,42.720001220703125,43.00400161743164,42.30799865722656,43.0,25259500,0,0.0,44.057428632463726,45.050133005777994
2019-08-27,43.14799880981445,43.7599983215332,42.40599822998047,42.816001892089844,27081000,0,0.0,43.89000047956194,44.82786636352539
2019-08-28,42.737998962402344,43.45000076293945,42.46200180053711,43.11800003051758,16127500,0,0.0,43.56885746547154,44.59013315836589
2019-08-29,43.79999923706055,44.68000030517578,43.599998474121094,44.34199905395508,25897500,0,0.0,43.45028577532087,44.36893310546875
2019-08-30,45.83000183105469,46.487998962402344,44.84199905395508,45.12200164794922,46603000,0,0.0,43.58685738699777,44.24359995524089
2019-09-03,44.816001892089844,45.790000915527344,44.63199996948242,45.00199890136719,26770500,0,0.0,43.66857147216797,44.190266672770186
2019-09-04,45.37799835205078,45.69200134277344,43.84199905395508,44.13600158691406,28805000,0,0.0,43.933714730399,43.99933344523112
2019-09-05,44.5,45.959999084472656,44.16999816894531,45.91600036621094,36976500,0,0.0,44.350286211286274,44.13213348388672
2019-09-06,45.439998626708984,45.928001403808594,45.034000396728516,45.4900016784668,20947000,0,0.0,44.732286180768696,44.28960037231445
2019-09-09,46.0,46.75199890136719,45.84600067138672,46.358001708984375,24013500,0,0.0,45.19514356340681,44.447600555419925
2019-09-10,46.15999984741211,47.108001708984375,45.78799819946289,47.108001708984375,24418500,0,0.0,45.59028679983957,44.563733927408855
2019-09-11,47.47600173950195,49.63399887084961,47.20000076293945,49.41999816894531,50214000,0,0.0,46.20428630283901,44.84693374633789
2019-09-12,49.540000915527344,50.70000076293945,48.880001068115234,49.17399978637695,42906000,0,0.0,46.80028642926897,45.180800374348955
2019-09-13,49.391998291015625,49.689998626708984,48.9739990234375,49.040000915527344,26565500,0,0.0,47.50085776192801,45.4881337483724
2019-09-16,49.20000076293945,49.486000061035156,48.23400115966797,48.5620002746582,23640500,0,0.0,47.87885774884905,45.906933848063154
2019-09-17,48.49399948120117,49.119998931884766,48.07400131225586,48.95800018310547,19327000,0,0.0,48.37428610665457,46.304133860270184
2019-09-18,49.0,49.63399887084961,48.4739990234375,48.698001861572266,20851000,0,0.0,48.70857184273856,46.696267191569014
2019-09-19,49.20000076293945,49.5880012512207,48.96799850463867,49.31999969482422,23979000,0,0.0,49.024571555001394,47.10973383585612
2019-09-20,49.29800033569336,49.38999938964844,47.63199996948242,48.124000549316406,31765000,0,0.0,48.83942903791155,47.36186726888021
2019-09-23,48.0,49.0359992980957,47.84400177001953,48.24599838256836,21701000,0,0.0,48.70685740879604,47.570133717854816
2019-09-24,48.30400085449219,48.39799880981445,44.52199935913086,44.641998291015625,64457500,0,0.0,48.07857131958008,47.54613367716471
2019-09-25,44.9119987487793,45.79600143432617,43.672000885009766,45.7400016784668,47135500,0,0.0,47.675428662981304,47.65306701660156
2019-09-26,46.13199996948242,48.6619987487793,45.47999954223633,48.512001037597656,59422500,0,0.0,47.61171449933733,47.826133728027344
2019-09-27,48.439998626708984,49.742000579833984,47.74599838256836,48.42599868774414,55582000,0,0.0,47.57285690307617,48.02186686197917
2019-09-30,48.599998474121094,48.79600143432617,47.22200012207031,48.17399978637695,29399000,0,0.0,47.40914263044085,48.142933400472
2019-10-01,48.29999923706055,49.189998626708984,47.82600021362305,48.9379997253418,30813000,0,0.0,47.5254282270159,48.264933268229164
2019-10-02,48.65800094604492,48.93000030517578,47.88600158691406,48.625999450683594,28157000,0,0.0,47.57971409388951,48.21200002034505
2019-10-03,46.37200164794922,46.895999908447266,44.85599899291992,46.60599899291992,75422500,0,0.0,47.86028562273298,48.04079996744792
2019-10-04,46.321998596191406,46.95600128173828,45.61399841308594,46.2859992980957,39975000,0,0.0,47.93828528267996,47.85719985961914
2019-10-07,45.959999084472656,47.71200180053711,45.709999084472656,47.54399871826172,40321000,0,0.0,47.79999923706055,47.78933308919271
2019-10-08,47.17399978637695,48.78799819946289,46.900001525878906,48.0099983215332,43391000,0,0.0,47.74057061331613,47.72613296508789
2019-10-09,48.263999938964844,49.459999084472656,48.130001068115234,48.90599822998047,34472000,0,0.0,47.8451418195452,47.73999938964844
2019-10-10,49.055999755859375,49.85599899291992,48.316001892089844,48.948001861572266,31416500,0,0.0,47.846570696149556,47.71519953409831
2019-10-11,49.43000030517578,50.215999603271484,49.36199951171875,49.577999114990234,42377000,0,0.0,47.98257064819336,47.81213277180989
2019-10-14,49.58000183105469,51.709999084472656,49.42599868774414,51.391998291015625,51025000,0,0.0,48.6662848336356,48.02186609903971
2019-10-15,51.540000915527344,52.0,50.82400131225586,51.577999114990234,32164000,0,0.0,49.42228480747768,48.484266153971355
2019-10-16,51.47800064086914,52.41999816894531,51.38399887084961,51.95000076293945,33420500,0,0.0,50.05171367100307,48.8982660929362
2019-10-17,52.5,52.95600128173828,52.034000396728516,52.39400100708008,23846500,0,0.0,50.677999768938335,49.157066090901694
2019-10-18,52.13999938964844,52.560001373291016,51.02000045776367,51.38999938964844,28749000,0,0.0,51.03285707746233,49.35466613769531
2019-10-21,51.66600036621094,51.900001525878906,50.0359992980957,50.70000076293945,25101500,0,0.0,51.283142634800505,49.52306620279948
2019-10-22,50.86399841308594,51.66600036621094,50.16999816894531,51.11600112915039,23004000,0,0.0,51.50285720825195,49.66826629638672
2019-10-23,50.900001525878906,51.22800064086914,50.27000045776367,50.93600082397461,26305500,0,0.0,51.43771471296038,49.82226638793945
2019-10-24,59.67399978637695,60.986000061035156,57.84000015258789,59.93600082397461,148604500,0,0.0,52.631714957101,50.710933176676434
2019-10-25,59.54399871826172,66.0,59.22200012207031,65.6259994506836,150030500,0,0.0,54.58542905535017,52.000266520182294
2019-10-28,65.50800323486328,68.16799926757812,64.5199966430664,65.54199981689453,94351500,0,0.0,56.463714599609375,53.20013326009114
2019-10-29,63.99800109863281,64.86000061035156,62.95000076293945,63.24399948120117,63421500,0,0.0,58.15714318411691,54.21573333740234
2019-10-30,62.599998474121094,63.757999420166016,61.99399948120117,63.00199890136719,48209000,0,0.0,59.91457148960659,55.15546671549479
2019-10-31,62.619998931884766,63.79999923706055,62.599998474121094,62.98400115966797,25335000,0,0.0,61.61000006539481,56.091200002034505
2019-11-01,63.263999938964844,63.29600143432617,61.959999084472656,62.6619987487793,31919500,0,0.0,63.285142626081196,56.96346664428711
2019-11-04,62.959999084472656,64.38800048828125,61.85200119018555,63.49399948120117,43935000,0,0.0,63.793428148542134,57.770266723632815
2019-11-05,63.92399978637695,64.7020034790039,63.2239990234375,63.444000244140625,34717000,0,0.0,63.48171397617885,58.56133346557617
2019-11-06,63.599998474121094,65.34400177001953,62.900001525878906,65.31600189208984,39704500,0,0.0,63.44942855834961,59.45240020751953
2019-11-07,65.8280029296875,68.30000305175781,65.60399627685547,67.10800170898438,72336500,0,0.0,64.00142887660435,60.43333358764649
2019-11-08,66.9000015258789,67.49199676513672,66.5,67.4280014038086,30346000,0,0.0,64.6337149483817,61.502533721923825
2019-11-11,68.79000091552734,69.83799743652344,68.4000015258789,69.01799774169922,49933500,0,0.0,65.49571446010044,62.723733520507814
2019-11-12,69.37999725341797,70.0739974975586,68.80799865722656,69.98600006103516,36797000,0,0.0,66.54200036185128,63.98173344930013
2019-11-13,71.0,71.26599884033203,69.03600311279297,69.22200012207031,42100500,0,0.0,67.36028616768974,65.20080006917318
2019-11-14,69.22200012207031,70.76799774169922,68.58200073242188,69.87000274658203,32324500,0,0.0,68.27828652518136,65.86306686401367
2019-11-15,70.12799835205078,70.55999755859375,69.6719970703125,70.43399810791016,24045000,0,0.0,69.00942884172711,66.18360010782878
2019-11-18,70.58399963378906,70.62999725341797,69.22000122070312,69.99800109863281,22002000,0,0.0,69.42228589739118,66.48066685994466
2019-11-19,70.3499984741211,71.99800109863281,69.55999755859375,71.90399932861328,38624000,0,0.0,70.06171417236328,67.05800018310546
2019-11-20,72.0,72.23999786376953,69.91400146484375,70.44400024414062,33625500,0,0.0,70.2654288155692,67.55413360595703
2019-11-21,70.9020004272461,72.16799926757812,70.80000305175781,70.96600341796875,30550000,0,0.0,70.40542929513114,68.08626708984374
2019-11-22,68.03199768066406,68.19999694824219,66.0,66.60800170898438,84353000,0,0.0,70.03200095040458,68.34933395385742
2019-11-25,68.86399841308594,68.91400146484375,66.89199829101562,67.26799774169922,61697500,0,0.0,69.66028594970703,68.60093383789062
2019-11-26,67.05400085449219,67.0999984741211,65.41999816894531,65.78399658203125,39737000,0,0.0,68.99600001743862,68.75693359375
2019-11-27,66.2239990234375,66.78600311279297,65.71399688720703,66.25800323486328,27778000,0,0.0,68.46171460832868,68.81973368326823
2019-11-29,66.22200012207031,66.25199890136719,65.5,65.98799896240234,12328000,0,0.0,67.61657169886998,68.7450668334961
2019-12-02,65.87999725341797,67.2760009765625,65.73799896240234,66.9739990234375,30372500,0,0.0,67.12085723876953,68.71480000813803
2019-12-03,66.52400207519531,67.58200073242188,66.43800354003906,67.23999786376953,32868500,0,0.0,66.58857073102679,68.59626668294271
2019-12-04,67.55000305175781,67.5719985961914,66.56999969482422,66.60600280761719,27665000,0,0.0,66.58828517368862,68.37093353271484
2019-12-05,66.56600189208984,66.88400268554688,65.44999694824219,66.0739974975586,18623000,0,0.0,66.41771371023995,68.16106669108073
2019-12-06,67.0,67.77200317382812,66.9540023803711,67.1780014038086,38062000,0,0.0,66.61685725620815,67.98159993489584
2019-12-09,67.31800079345703,68.88999938964844,67.01599884033203,67.90599822998047,45115500,0,0.0,66.85228511265346,67.81306660970053
2019-12-10,67.99199676513672,70.14600372314453,67.86199951171875,69.76799774169922,44141500,0,0.0,67.3922849382673,67.79773305257162
2019-12-11,70.3759994506836,71.43800354003906,70.21800231933594,70.54000091552734,34489000,0,0.0,67.90171377999442,67.70679982503255
2019-12-12,70.98400115966797,72.5479965209961,70.64600372314453,71.93599700927734,38819500,0,0.0,68.57257080078125,67.80626627604167
2019-12-13,72.20999908447266,73.04199981689453,70.9280014038086,71.6780014038086,32854500,0,0.0,69.2971420288086,67.85373280843099
2019-12-16,72.51000213623047,76.72200012207031,72.5,76.30000305175781,90871000,0,0.0,70.75799996512276,68.49986623128255
2019-12-17,75.7979965209961,77.0999984741211,75.18000030517578,75.7979965209961,42484000,0,0.0,71.9894278390067,69.068532816569
2019-12-18,76.1259994506836,79.04399871826172,76.11599731445312,78.62999725341797,70605000,0,0.0,73.52142769949776,69.92493286132813
2019-12-19,79.46399688720703,81.37000274658203,79.30000305175781,80.80799865722656,90535500,0,0.0,75.09857068743024,70.89493255615234
2019-12-20,82.05799865722656,82.5999984741211,80.03800201416016,81.11799621582031,73763500,0,0.0,76.60971287318638,71.90359903971354
2019-12-23,82.35600280761719,84.4020004272461,82.0,83.84400177001953,66598000,0,0.0,78.31085641043526,73.02826588948568
2019-12-24,83.6719970703125,85.09400177001953,82.53800201416016,85.05000305175781,40273500,0,0.0,80.2211423601423,74.2155995686849
2019-12-26,85.58200073242188,86.69599914550781,85.2699966430664,86.18800354003906,53169500,0,0.0,81.6337138584682,75.52106628417968
2019-12-27,87.0,87.06199645996094,85.22200012207031,86.07599639892578,49728500,0,0.0,83.10199955531529,76.85453287760417
2019-12-30,85.75800323486328,85.80000305175781,81.85199737548828,82.94000244140625,62932000,0,0.0,83.71771458217076,77.90533294677735
2019-12-31,81.0,84.25800323486328,80.41600036621094,83.66600036621094,51428500,0,0.0,84.1260005405971,78.95599975585938
2020-01-02,84.9000015258789,86.13999938964844,84.34200286865234,86.052001953125,47660500,0,0.0,84.8308585030692,80.04160003662109
2020-01-03,88.0999984741211,90.80000305175781,87.38400268554688,88.60199737548828,88892500,0,0.0,85.5105721609933,81.24573313395182
2020-01-06,88.09400177001953,90.31199645996094,88.0,90.30799865722656,50665000,0,0.0,86.26171439034599,82.4705332438151
2020-01-07,92.27999877929688,94.32599639892578,90.6719970703125,93.81199645996094,89410500,0,0.0,87.35085623604911,83.94613291422526
2020-01-08,94.73999786376953,99.697998046875,93.64600372314453,98.4280014038086,155721500,0,0.0,89.1154283796038,85.42133280436198
2020-01-09,99.41999816894531,99.76000213623047,94.5739974975586,96.26799774169922,142202000,0,0.0,91.01942770821708,86.78599955240885
2020-01-10,96.35800170898438,96.98799896240234,94.73999786376953,95.62999725341797,64797500,0,0.0,92.72857012067523,87.9193328857422
2020-01-13,98.69999694824219,105.1259994506836,98.4000015258789,104.97200012207031,132588000,0,0.0,95.43142700195312,89.53026631673177
2020-01-14,108.85199737548828,109.48200225830078,104.9800033569336,107.58399963378906,144981000,0,0.0,98.1431416102818,91.29466654459635
2020-01-15,105.9520034790039,107.56800079345703,103.35800170898438,103.69999694824219,86844000,0,0.0,100.05628422328404,92.61839955647787
2020-01-16,98.75,102.89199829101562,98.43399810791016,102.697998046875,108683500,0,0.0,101.32571302141461,93.79493255615235
2020-01-17,101.52200317382812,103.13400268554688,100.63200378417969,102.0999984741211,68145500,0,0.0,101.85028403145927,94.85573221842448
2020-01-21,106.05000305175781,109.71600341796875,105.68199920654297,109.44000244140625,89017500,0,0.0,103.73199898856026,96.41333262125652
2020-01-22,114.37799835205078,118.9000015258789,111.81999969482422,113.91200256347656,156845000,0,0.0,106.34371403285435,98.47813262939454
2020-01-23,112.8499984741211,116.4000015258789,111.12000274658203,114.44000244140625,98255000,0,0.0,107.69628579275948,100.52973276774088
2020-01-24,114.1259994506836,114.77200317382812,110.85199737548828,112.96399688720703,71768000,0,0.0,108.46485682896206,102.32386576334635
2020-01-27,108.39800262451172,112.88800048828125,107.85600280761719,111.60399627685547,68040500,0,0.0,109.59399959019252,103.85733235677084
2020-01-28,113.697998046875,115.36199951171875,111.61599731445312,113.37999725341797,58942500,0,0.0,111.11999947684151,105.39546559651693
2020-01-29,115.13800048828125,117.95999908447266,113.48600006103516,116.197998046875,89007500,0,0.0,113.13399941580636,106.8878657023112
2020-01-30,126.48400115966797,130.17599487304688,123.5999984741211,128.16200256347656,145028500,0,0.0,115.8085708618164,108.87013244628906
2020-01-31,128.0,130.60000610351562,126.50399780273438,130.11399841308594,78596500,0,0.0,118.12314169747489,111.12653249104818
2020-02-03,134.73800659179688,157.22799682617188,134.70399475097656,156.0,235325000,0,0.0,124.06028420584542,115.15119934082031
2020-02-04,176.5919952392578,193.79800415039062,166.7760009765625,177.41200256347656,304694000,0,0.0,133.26714215959822,119.98053283691407
2020-02-05,164.65199279785156,169.1959991455078,140.82200622558594,146.94000244140625,242119000,0,0.0,138.31514304024833,122.60426635742188
2020-02-06,139.98399353027344,159.16600036621094,137.39999389648438,149.79200744628906,199404000,0,0.0,143.51685878208704,125.67706705729167
2020-02-07,146.11000061035156,153.9499969482422,146.0,149.61399841308594,85317500,0,0.0,148.2905731201172,128.80480041503907
2020-02-10,160.0,163.9980010986328,150.47999572753906,154.25599670410156,123446000,0,0.0,152.0182865687779,132.28186696370443
2020-02-11,153.75799560546875,156.70199584960938,151.60000610351562,154.87600708007812,58487500,0,0.0,155.55571637834822,135.3109339396159
2020-02-12,155.57400512695312,157.9499969482422,152.6739959716797,153.45799255371094,60112500,0,0.0,155.19257245744978,137.94733327229818
2020-02-13,148.3679962158203,163.60000610351562,147.0,160.8000030517578,131446500,0,0.0,152.8194296700614,141.03799997965496
2020-02-14,157.44400024414062,162.593994140625,157.10000610351562,160.00599670410156,78468500,0,0.0,154.68600027901786,144.17413330078125
2020-02-18,168.32000732421875,172.0,166.4720001220703,171.67999267578125,81908500,0,0.0,157.81285531180245,148.1791997273763
2020-02-19,184.6999969482422,188.95599365234375,180.20399475097656,183.48399353027344,127115000,0,0.0,162.65142604282923,152.85279947916666
2020-02-20,182.38999938964844,182.39999389648438,171.98800659179688,179.8820037841797,88174500,0,0.0,166.3122841971261,157.09839986165363
2020-02-21,181.39599609375,182.61199951171875,176.08999633789062,180.1999969482422,71574000,0,0.0,169.92999703543526,160.56759948730468
2020-02-24,167.8000030517578,172.6999969482422,164.44000244140625,166.75799560546875,75961000,0,0.0,171.82999747140067,163.01053263346355
2020-02-25,169.8000030517578,171.32000732421875,157.39999389648438,159.98199462890625,86452500,0,0.0,171.713139125279,163.2759989420573
2020-02-26,156.5,162.66200256347656,155.2220001220703,155.75999450683594,70427500,0,0.0,171.1065673828125,161.83253173828126
2020-02-27,146.0,147.95399475097656,133.8000030517578,135.8000030517578,121386000,0,0.0,165.98085457938058,161.0898651123047
2020-02-28,125.94000244140625,138.10400390625,122.30400085449219,133.59800720214844,121114500,0,0.0,158.85428510393416,160.01026509602863
2020-03-02,142.2519989013672,148.73800659179688,137.33399963378906,148.7239990234375,100975000,0,0.0,154.40314156668526,159.95093180338543
2020-03-03,161.0,161.39599609375,143.2220001220703,149.1020050048828,128920000,0,0.0,149.9605712890625,159.60733235677083
2020-03-04,152.79200744628906,153.3040008544922,144.9459991455078,149.89999389648438,75245000,0,0.0,147.55228533063615,159.27559814453124
2020-03-05,144.75399780273438,149.14999389648438,143.61399841308594,144.9080047607422,54263500,0,0.0,145.39885820661272,158.70559895833333
2020-03-06,138.0,141.39999389648438,136.85400390625,140.6959991455078,63314500,0,0.0,143.24685886928015,157.36533203125
2020-03-09,121.0780029296875,132.60000610351562,121.0,121.5999984741211,85368500,0,0.0,141.21828678676061,154.8049321492513
2020-03-10,131.88600158691406,133.60000610351562,121.5999984741211,129.0659942626953,77972000,0,0.0,140.57085636683874,151.96399892171223
2020-03-11,128.0399932861328,130.71600341796875,122.5999984741211,126.84600067138672,66612500,0,0.0,137.44542803083147,148.1881327311198
2020-03-12,116.1780014038086,118.9000015258789,109.25,112.11000061035156,94545500,0,0.0,132.16085597446985,143.6699991861979
2020-03-13,119.0,121.51399993896484,100.4000015258789,109.3239974975586,113201500,0,0.0,126.36428506033761,138.94493255615234
2020-03-16,93.9000015258789,98.9739990234375,88.43399810791016,89.01399993896484,102447500,0,0.0,118.37942722865513,133.76199951171876
2020-03-17,88.00199890136719,94.37000274658203,79.19999694824219,86.04000091552734,119973000,0,0.0,110.57142748151507,128.83253326416016
2020-03-18,77.80000305175781,80.97200012207031,70.10199737548828,72.24400329589844,118931000,0,0.0,103.52057102748326,123.26480051676432
2020-03-19,74.94000244140625,90.4000015258789,71.69200134277344,85.52799987792969,150977500,0,0.0,97.30085754394531,119.91333363850912
2020-03-20,87.63999938964844,95.4000015258789,85.15799713134766,85.50599670410156,141427500,0,0.0,91.39514269147601,116.70719960530599
2020-03-23,86.72000122070312,88.4000015258789,82.0999984741211,86.85800170898438,82272500,0,0.0,87.78771427699498,112.58279978434244
2020-03-24,95.45999908447266,102.73799896240234,94.80000305175781,101.0,114476000,0,0.0,86.59857177734375,109.3759994506836
2020-03-25,109.05000305175781,111.4000015258789,102.22200012207031,107.8499984741211,106113500,0,0.0,89.2894287109375,106.57266642252604
2020-03-26,109.47799682617188,112.0,102.44999694824219,105.63200378417969,86903500,0,0.0,92.08828626360211,103.95426635742187
2020-03-27,101.0,105.16000366210938,98.80599975585938,102.87200164794922,71887000,0,0.0,96.46371459960938,101.4326665242513
2020-03-30,102.052001953125,103.33000183105469,98.24600219726562,100.4260025024414,59990500,0,0.0,98.59200068882534,100.021066792806
2020-03-31,100.25,108.59200286865234,99.4000015258789,104.80000305175781,88857500,0,0.0,101.34828730991909,98.40333404541016
2020-04-01,100.80000305175781,102.79000091552734,95.0199966430664,96.31199645996094,66766000,0,0.0,102.69885798863002,96.36773376464843
2020-04-02,96.20600128173828,98.85199737548828,89.27999877929688,90.89399719238281,99292000,0,0.0,101.25514330182757,94.95333353678386
2020-04-03,101.9000015258789,103.0979995727539,93.6780014038086,96.00199890136719,112810500,0,0.0,99.5625719342913,94.06520029703776
2020-04-06,102.23999786376953,104.19999694824219,99.59200286865234,103.24800109863281,74509000,0,0.0,99.22200012207031,95.01413370768229
2020-04-07,109.0,113.0,106.46800231933594,109.08999633789062,89599000,0,0.0,100.11028507777623,96.55080006917318
2020-04-08,110.83999633789062,111.44200134277344,106.66600036621094,109.76799774169922,63280000,0,0.0,101.44485582624164,99.05239969889323
2020-04-09,112.41799926757812,115.03600311279297,111.4219970703125,114.5999984741211,68250000,0,0.0,102.84485517229352,100.99053293863932
2020-04-13,118.03199768066406,130.39999389648438,116.10600280761719,130.19000244140625,112377000,0,0.0,107.6845703125,103.96946665445964
2020-04-14,139.79400634765625,148.37600708007812,138.48599243164062,141.97799682617188,152882500,0,0.0,114.98228454589844,107.64413299560547
2020-04-15,148.39999389648438,150.62600708007812,142.0,145.96600341796875,117885000,0,0.0,122.11999947684151,110.64186655680338
2020-04-16,143.38800048828125,151.88999938964844,141.343994140625,149.04200744628906,103289500,0,0.0,128.66200038364954,113.38800048828125
2020-04-17,154.45599365234375,154.99000549316406,149.53199768066406,150.7779998779297,65641000,0,0.0,134.61742946079798,116.39773356119791
2020-04-20,146.5399932861328,153.11399841308594,142.44200134277344,149.27200317382812,73733000,0,0.0,140.260858808245,119.4910669962565
2020-04-21,146.0240020751953,150.66600036621094,134.75799560546875,137.343994140625,101045500,0,0.0,143.51000104631697,121.95226643880208
2020-04-22,140.79600524902344,146.8000030517578,137.74200439453125,146.4219970703125,70827500,0,0.0,145.828857421875,124.72706604003906
2020-04-23,145.52000427246094,146.8000030517578,140.62600708007812,141.12600708007812,66183500,0,0.0,145.70714460100447,127.71466674804688
2020-04-24,142.16200256347656,146.14599609375,139.63600158691406,145.02999877929688,66060000,0,0.0,145.57342965262276,131.3237335205078
2020-04-27,147.52200317382812,159.8979949951172,147.0,159.75,103407000,0,0.0,147.10314287458147,135.57360026041667
2020-04-28,159.1280059814453,161.0,151.33799743652344,153.82400512695312,76110000,0,0.0,147.53828648158483,138.9453338623047
2020-04-29,158.03399658203125,160.63999938964844,156.6320037841797,160.1020050048828,81080000,0,0.0,149.08542960030692,142.34613444010418
2020-04-30,171.03799438476562,173.96400451660156,152.6999969482422,156.37600708007812,142359500,0,0.0,151.80428859165735,145.45333506266277
2020-05-01,151.0,154.5540008544922,136.60800170898438,140.26400756835938,162659000,0,0.0,150.92457580566406,147.16426900227864
2020-05-04,140.1999969482422,152.39999389648438,139.60000610351562,152.23800659179688,96185500,0,0.0,152.51200430733817,148.634135945638
2020-05-05,157.95799255371094,159.78399658203125,152.43600463867188,153.64199829101562,84958500,0,0.0,153.74228995186942,149.41173604329427
2020-05-06,155.3000030517578,157.9600067138672,152.2220001220703,156.51600646972656,55616000,0,0.0,153.28029087611608,150.1150695800781
2020-05-07,155.44200134277344,159.27999877929688,154.47000122070312,156.00799560546875,57638500,0,0.0,153.592289515904,150.5794687906901
2020-05-08,158.75399780273438,164.8000030517578,157.40199279785156,163.88400268554688,80432500,0,0.0,154.13257489885603,151.4532023111979
2020-05-11,158.1020050048828,164.8000030517578,157.0,162.25799560546875,82598000,0,0.0,154.97285897391183,152.31893513997395
2020-05-12,165.39999389648438,168.6580047607422,161.60000610351562,161.8820037841797,79534500,0,0.0,158.06114414760046,153.95480244954427
2020-05-13,164.16600036621094,165.1999969482422,152.66000366210938,158.19200134277344,95327500,0,0.0,158.9117148263114,154.73946940104167
2020-05-14,156.0,160.6719970703125,152.8000030517578,160.66600036621094,68411000,0,0.0,159.91514369419642,156.0421356201172
2020-05-15,158.07000732421875,161.00999450683594,157.30999755859375,159.83399963378906,52592000,0,0.0,160.38914271763392,157.02906901041666
2020-05-18,165.55599975585938,166.94400024414062,160.7760009765625,162.7259979248047,58329000,0,0.0,161.34885733468192,157.22746887207032
2020-05-19,163.03399658203125,164.41400146484375,161.21600341796875,161.6020050048828,48182500,0,0.0,161.02285766601562,157.74600219726562
2020-05-20,164.10000610351562,165.1999969482422,162.36000061035156,163.11199951171875,36546500,0,0.0,161.14485822405135,157.94666849772136
2020-05-21,163.1999969482422,166.5,159.1999969482422,165.52000427246094,61273000,0,0.0,161.6645725795201,158.55626831054687
2020-05-22,164.4340057373047,166.3560028076172,162.39999389648438,163.37600708007812,49937500,0,0.0,162.40514482770647,160.0970682779948
2020-05-26,166.89999389648438,166.9199981689453,163.14199829101562,163.7740020751953,40448500,0,0.0,162.8491450718471,160.8661346435547
2020-05-27,164.1719970703125,165.54200744628906,157.0,164.04600524902344,57747500,0,0.0,163.45086015973772,161.5597351074219
2020-05-28,162.70199584960938,164.9499969482422,160.33799743652344,161.16200256347656,36278000,0,0.0,163.22743225097656,161.86946818033854
2020-05-29,161.75,167.0,160.8419952392578,167.0,58822500,0,0.0,163.99857439313615,162.6022684733073
2020-06-01,171.60000610351562,179.8000030517578,170.82000732421875,179.6199951171875,74697500,0,0.0,166.3568594796317,163.65133463541667
2020-06-02,178.94000244140625,181.73199462890625,174.1999969482422,176.31199645996094,67828000,0,0.0,167.89857264927454,164.58826802571613
2020-06-03,177.62399291992188,179.58799743652344,176.02000427246094,176.5919952392578,39747500,0,0.0,169.7865709577288,165.56893412272134
2020-06-04,177.9759979248047,179.14999389648438,171.68800354003906,172.87600708007812,44438500,0,0.0,171.08685738699776,166.54786783854166
2020-06-05,175.5679931640625,177.3040008544922,173.24000549316406,177.1320037841797,39059500,0,0.0,172.95628574916296,167.64560139973958
2020-06-08,183.8000030517578,190.0,181.83200073242188,189.98399353027344,70873500,0,0.0,177.07371303013392,169.65560099283854
2020-06-09,188.0019989013672,190.88800048828125,184.78599548339844,188.13400268554688,56941000,0,0.0,180.09285627092635,171.349467976888
2020-06-10,198.37600708007812,205.49600219726562,196.5,205.00999450683594,92817000,0,0.0,183.7199990408761,174.2433339436849
2020-06-11,198.0399932861328,203.79200744628906,194.39999389648438,194.5679931640625,79582500,0,0.0,186.3279985700335,176.34040018717448
2020-06-12,196.0,197.5959930419922,182.52000427246094,187.05599975585938,83817000,0,0.0,187.82285635811942,177.77613321940103
2020-06-15,183.55799865722656,199.76800537109375,181.6999969482422,198.17999267578125,78486000,0,0.0,191.43771144321985,180.09639892578124
2020-06-16,202.3699951171875,202.5760040283203,192.47799682617188,196.42599487304688,70255500,0,0.0,194.1939958844866,182.27319844563803
2020-06-17,197.54200744628906,201.0,196.51400756835938,198.35800170898438,49454000,0,0.0,195.3902827671596,184.56066487630207
2020-06-18,200.60000610351562,203.83999633789062,198.8939971923828,200.79200744628906,48759500,0,0.0,197.19856916155135,187.20266520182292
2020-06-19,202.55599975585938,203.19400024414062,198.26800537109375,200.17999267578125,43398500,0,0.0,196.5085688999721,189.41466471354167
2020-06-22,199.99000549316406,201.7760009765625,198.00399780273438,198.86399841308594,31812000,0,0.0,197.12228393554688,190.69759826660157
2020-06-23,199.7760009765625,202.39999389648438,198.802001953125,200.3560028076172,31826500,0,0.0,199.02228437151228,192.30053202311197
2020-06-24,198.82200622558594,200.17599487304688,190.6280059814453,192.1699981689453,54798000,0,0.0,198.16371372767858,193.3390655517578
2020-06-25,190.85400390625,197.1959991455078,187.42999267578125,197.1959991455078,46272500,0,0.0,198.27371433803015,194.96039835611978
2020-06-26,198.95599365234375,199.0,190.9739990234375,191.947998046875,44274500,0,0.0,197.35799952915735,195.94813130696613
2020-06-29,193.802001953125,202.0,189.70399475097656,201.8699951171875,45132000,0,0.0,197.51199776785714,196.74053141276042
2020-06-30,201.3000030517578,217.53799438476562,200.74600219726562,215.96200561523438,84592500,0,0.0,199.76657104492188,198.59573160807292
2020-07-01,216.60000610351562,227.0659942626953,216.10000610351562,223.92599487304688,66634500,0,0.0,203.34685625348772,199.85679829915364
2020-07-02,244.29600524902344,245.60000610351562,237.1199951171875,241.73199462890625,86250500,0,0.0,209.2577122279576,203.00106506347657
2020-07-06,255.33799743652344,275.5580139160156,253.20799255371094,274.3160095214844,102849500,0,0.0,220.99285670689173,208.81839904785156
2020-07-07,281.00201416015625,285.8999938964844,267.3420104980469,277.97198486328125,107448500,0,0.0,232.53228323800224,214.1378651936849
2020-07-08,281.0,283.4519958496094,262.26800537109375,273.1759948730469,81556500,0,0.0,244.13628278459822,219.25453186035156
2020-07-09,279.39801025390625,281.7120056152344,270.2560119628906,278.8559875488281,58588000,0,0.0,255.134281703404,224.62106424967448
2020-07-10,279.20001220703125,309.78399658203125,275.2019958496094,308.92999267578125,116688000,0,0.0,268.41542271205356,231.83026326497395
2020-07-13,331.79998779296875,358.99798583984375,294.22198486328125,299.4119873046875,194927000,0,0.0,279.19913591657365,238.44572957356772
2020-07-14,311.20001220703125,318.0,286.20001220703125,303.3599853515625,117090500,0,0.0,288.00313459123885,245.4121287027995
2020-07-15,308.6000061035156,310.0,291.3999938964844,309.2019958496094,81839000,0,0.0,292.9868469238281,252.66852823893228
2020-07-16,295.4320068359375,306.3420104980469,293.20001220703125,300.12799072265625,71504000,0,0.0,296.15199061802457,259.865727742513
2020-07-17,302.69000244140625,307.50201416015625,298.0,300.1679992675781,46650000,0,0.0,300.0079912458147,266.73052775065105
2020-07-20,303.802001953125,330.0,297.6000061035156,328.6000061035156,85607000,0,0.0,307.1142796107701,275.8406616210938
2020-07-21,327.9859924316406,335.0,311.6000061035156,313.6719970703125,80536000,0,0.0,307.79170880998885,283.29412841796875
2020-07-22,319.79998779296875,325.28399658203125,312.3999938964844,318.46600341796875,70805500,0,0.0,310.51371111188615,290.1277282714844
2020-07-23,335.7900085449219,337.79998779296875,296.15399169921875,302.614013671875,121642500,0,0.0,310.40714372907365,295.37359619140625
2020-07-24,283.2019958496094,293.0,273.3080139160156,283.3999938964844,96983000,0,0.0,306.7211434500558,298.1514628092448
2020-07-27,287.0,309.5880126953125,282.6000061035156,307.9200134277344,80243500,0,0.0,307.83428955078125,300.3917297363281
2020-07-28,300.79998779296875,312.94000244140625,294.8840026855469,295.2980041503906,79043500,0,0.0,307.1385759626116,301.5467976888021
2020-07-29,300.20001220703125,306.9620056152344,297.3999938964844,299.8219909667969,47134500,0,0.0,303.02743094308033,303.3231974283854
2020-07-30,297.6000061035156,302.64801025390625,294.20001220703125,297.49798583984375,38105000,0,0.0,300.71685791015625,304.5659973144531
2020-07-31,303.0,303.4100036621094,284.1960144042969,286.1520080566406,61041000,0,0.0,296.10057285853793,303.04746500651044
2020-08-03,289.8399963378906,301.9620056152344,288.8760070800781,297.0,44046500,0,0.0,295.29857090541293,302.8866658528646
2020-08-04,299.00201416015625,305.48199462890625,292.3999938964844,297.3999938964844,42075000,0,0.0,297.29857090541293,302.4893330891927
2020-08-05,298.5979919433594,299.9679870605469,293.6619873046875,297.0039978027344,24739000,0,0.0,295.73914010184154,301.67613321940104
2020-08-06,298.1659851074219,303.4620056152344,295.4519958496094,297.9159851074219,29961500,0,0.0,296.1131373814174,301.52866617838544
2020-08-07,299.9079895019531,299.95001220703125,283.00201416015625,290.5419921875,44482000,0,0.0,294.7874232700893,300.8869323730469
2020-08-10,289.6000061035156,291.5,277.1679992675781,283.7139892578125,37611500,0,0.0,292.8182809012277,297.89453125
2020-08-11,279.20001220703125,284.0,273.0,274.87799072265625,43129000,0,0.0,291.2077069963728,295.3082641601562
2020-08-12,294.0,317.0,287.0,310.9519958496094,109147000,0,0.0,293.2008492606027,294.8073303222656
2020-08-13,322.20001220703125,330.2359924316406,313.4519958496094,324.20001220703125,102126500,0,0.0,297.02942330496654,296.24639689127605
2020-08-14,332.99798583984375,333.760009765625,325.3280029296875,330.1419982910156,62888000,0,0.0,301.76342337472096,299.36253051757814
2020-08-17,335.3999938964844,369.1719970703125,334.5660095214844,367.12799072265625,101211500,0,0.0,311.6508527483259,303.3097290039062
2020-08-18,379.7980041503906,384.7799987792969,369.0220031738281,377.4179992675781,82372500,0,0.0,324.0617109026228,308.7843953450521
2020-08-19,373.0,382.20001220703125,368.24200439453125,375.70599365234375,61026500,0,0.0,337.2034258161272,313.84332885742185
2020-08-20,372.135986328125,404.39801025390625,371.4119873046875,400.3659973144531,103059000,0,0.0,355.13028390066967,320.7011962890625
2020-08-21,408.9519958496094,419.0979919433594,405.010009765625,409.9960021972656,107448000,0,0.0,369.2794276646205,328.95746256510415
2020-08-24,425.2560119628906,425.79998779296875,385.5039978027344,402.8399963378906,100318000,0,0.0,380.51371111188615,336.0134623209635
2020-08-25,394.9779968261719,405.5899963378906,393.6000061035156,404.6679992675781,53294500,0,0.0,391.16028267996654,343.16466267903644
2020-08-26,412.0,433.20001220703125,410.72601318359375,430.6340026855469,71197000,0,0.0,400.2325701032366,352.073329671224
2020-08-27,436.0920104980469,459.1199951171875,428.5,447.75,118465000,0,0.0,410.2799987792969,362.06226399739586
2020-08-28,459.02398681640625,463.697998046875,437.3039855957031,442.67999267578125,100406000,0,0.0,419.8477129255022,372.2047973632813
2020-08-31,444.6099853515625,500.1400146484375,440.1099853515625,498.32000732421875,118374400,0,5.0,433.8411429268973,386.511865234375
2020-09-01,502.1400146484375,502.489990234375,470.510009765625,475.04998779296875,89841100,0,0.0,443.1345694405692,399.8566650390625
2020-09-02,478.989990234375,479.0400085449219,405.1199951171875,447.3699951171875,96176100,0,0.0,449.4959978376116,408.9511983235677
2020-09-03,407.2300109863281,431.79998779296875,402.0,407.0,87596100,0,0.0,449.82914079938615,414.4711975097656
2020-09-04,402.80999755859375,428.0,372.0199890136719,418.32000732421875,110321900,0,0.0,448.0699986049107,420.3497314453125
2020-09-08,356.0,368.739990234375,329.8800048828125,330.2099914550781,115465700,0,0.0,431.27856881277904,417.88853149414064
2020-09-09,356.6000061035156,369.0,341.510009765625,366.2799987792969,79465800,0,0.0,420.3642839704241,417.1459981282552
2020-09-10,386.2099914550781,398.989990234375,360.55999755859375,371.3399963378906,84930600,0,0.0,402.22428240094865,416.854931640625
2020-09-11,381.94000244140625,382.5,360.5,372.7200012207031,60717500,0,0.0,387.605712890625,415.011865234375
2020-09-14,380.95001220703125,420.0,373.29998779296875,419.6199951171875,83020600,0,0.0,383.6414271763393,415.65346476236977
2020-09-15,436.55999755859375,461.94000244140625,430.70001220703125,449.760009765625,97298200,0,0.0,389.75,418.7814656575521
2020-09-16,439.8699951171875,457.7900085449219,435.30999755859375,441.760009765625,72279300,0,0.0,393.09857177734375,421.2542663574219
2020-09-17,415.6000061035156,437.7900085449219,408.0,423.42999267578125,76779200,0,0.0,406.4157148088728,420.7739990234375
2020-09-18,447.94000244140625,451.0,428.79998779296875,442.1499938964844,86406800,0,0.0,417.25428553989957,420.4006652832031
2020-09-21,453.1300048828125,455.67999267578125,407.07000732421875,449.3900146484375,109476800,0,0.0,428.404288155692,420.84800008138023
2020-09-22,429.6000061035156,437.760009765625,417.6000061035156,424.2300109863281,79580800,0,0.0,435.7628609793527,415.9086669921875
2020-09-23,405.1600036621094,412.1499938964844,375.8800048828125,380.3599853515625,95074200,0,0.0,430.154288155692,409.5960001627604
2020-09-24,363.79998779296875,399.5,351.29998779296875,387.7900085449219,96561100,0,0.0,421.30143083844865,405.62400105794273
2020-09-25,393.4700012207031,408.7300109863281,391.29998779296875,407.3399963378906,67208500,0,0.0,416.384286063058,405.64666748046875
2020-09-28,424.6199951171875,428.0799865722656,415.54998779296875,421.20001220703125,49719600,0,0.0,416.0657174246652,405.8386678059896
2020-09-29,416.0,428.5,411.6000061035156,419.07000732421875,50219300,0,0.0,412.7685764857701,411.7626688639323
2020-09-30,421.32000732421875,433.92999267578125,420.4700012207031,429.010009765625,48145600,0,0.0,409.8571472167969,415.9446695963542
2020-10-01,440.760009765625,448.8800048828125,434.4200134277344,448.1600036621094,50741500,0,0.0,413.27571759905135,421.0660034179688
2020-10-02,421.3900146484375,439.1300048828125,415.0,415.0899963378906,71430000,0,0.0,418.23714773995533,423.8906697591146
2020-10-05,423.3500061035156,433.6400146484375,419.3299865722656,425.67999267578125,44722800,0,0.0,423.6500026157924,424.29466959635414
2020-10-06,423.7900085449219,428.7799987792969,406.04998779296875,413.9800109863281,49146300,0,0.0,424.5985761369978,421.909336344401
2020-10-07,419.8699951171875,429.8999938964844,413.8500061035156,425.29998779296875,43127700,0,0.0,425.18428693498885,420.81200154622394
2020-10-08,438.44000244140625,439.0,425.29998779296875,425.9200134277344,40421100,0,0.0,426.16285923549106,420.9780029296875
2020-10-09,430.1300048828125,434.5899963378906,426.4599914550781,434.0,28925700,0,0.0,426.87571498325894,420.43467000325523
2020-10-12,442.0,448.739990234375,438.5799865722656,442.29998779296875,38791100,0,0.0,426.03856985909596,419.962001546224
2020-10-13,443.3500061035156,448.8900146484375,436.6000061035156,446.6499938964844,34463700,0,0.0,430.5471409388951,421.4566670735677
2020-10-14,449.7799987792969,465.8999938964844,447.3500061035156,461.29998779296875,47879700,0,0.0,435.6357116699219,426.8526672363281
2020-10-15,450.30999755859375,456.57000732421875,442.5,448.8800048828125,35672400,0,0.0,440.62142508370533,430.9253336588542
2020-10-16,454.44000244140625,455.95001220703125,438.8500061035156,439.6700134277344,32775900,0,0.0,442.6742858886719,433.08066813151044
2020-10-19,446.239990234375,447.0,428.8699951171875,430.8299865722656,36287800,0,0.0,443.3757106236049,433.72266642252606
2020-10-20,431.75,431.75,419.04998779296875,421.94000244140625,31656300,0,0.0,441.6528538295201,433.91399943033855
2020-10-21,422.70001220703125,432.95001220703125,421.25,422.6400146484375,32370500,0,0.0,438.8442862374442,433.4893330891927
2020-10-22,441.9200134277344,445.2300109863281,424.510009765625,425.7900085449219,39993200,0,0.0,435.8642883300781,431.9980000813802
2020-10-23,421.8399963378906,422.8900146484375,407.3800048828125,420.6300048828125,33717000,0,0.0,430.0542907714844,432.367333984375
2020-10-26,411.6300048828125,425.760009765625,410.0,420.2799987792969,28239200,0,0.0,425.9685756138393,432.00733439127606
2020-10-27,423.760009765625,430.5,420.1000061035156,424.67999267578125,22686500,0,0.0,423.82714407784596,432.7206665039063
2020-10-28,416.4800109863281,418.6000061035156,406.0,406.0199890136719,25451400,0,0.0,420.2828587123326,431.4353332519531
2020-10-29,409.9599914550781,418.05999755859375,406.4599914550781,410.8299865722656,22655300,0,0.0,418.69571358816967,430.42933146158856
2020-10-30,406.8999938964844,407.5899963378906,379.1099853515625,388.0400085449219,42511300,0,0.0,413.7528555733817,427.36533203125
2020-11-02,394.0,406.9800109863281,392.29998779296875,400.510009765625,29021100,0,0.0,410.1414271763393,424.57933349609374
2020-11-03,409.7300109863281,427.7699890136719,406.69000244140625,423.8999938964844,34351700,0,0.0,410.6085684640067,423.0626668294271
2020-11-04,430.6199951171875,435.3999938964844,417.1000061035156,420.9800109863281,32143100,0,0.0,410.7085702078683,420.374668375651
2020-11-05,428.29998779296875,440.0,424.0,438.0899963378906,28414500,0,0.0,412.62428501674106,419.65533447265625
2020-11-06,436.1000061035156,436.57000732421875,424.2799987792969,429.95001220703125,21706000,0,0.0,416.04285975864957,419.00733439127606
2020-11-09,439.5,452.5,421.0,421.260009765625,34833000,0,0.0,417.5328630719866,418.3693359375
2020-11-10,420.0899963378906,420.0899963378906,396.0299987792969,410.3599853515625,30284200,0,0.0,420.72143118722096,417.5973347981771
2020-11-11,416.45001220703125,418.70001220703125,410.5799865722656,417.1300048828125,17357700,0,0.0,423.09571620396207,417.23000081380206
2020-11-12,415.04998779296875,423.0,409.5199890136719,411.760009765625,19855100,0,0.0,421.36143275669644,416.29466756184894
2020-11-13,410.8500061035156,412.5299987792969,401.6600036621094,408.5,19771100,0,0.0,419.57857404436385,415.4860005696615
2020-11-16,408.92999267578125,412.45001220703125,404.0899963378906,408.0899963378906,26838600,0,0.0,415.29285975864957,414.6733337402344
2020-11-17,460.1700134277344,462.0,433.010009765625,441.6099853515625,61188300,0,0.0,416.9585702078683,415.8019999186198
2020-11-18,448.3500061035156,496.0,443.5,486.6400146484375,78044000,0,0.0,426.29857090541293,421.1766682942708
2020-11-19,492.0,508.6099853515625,487.57000732421875,499.2699890136719,62475300,0,0.0,439.0,427.0726684570312
2020-11-20,497.989990234375,502.5,489.05999755859375,489.6099853515625,32911900,0,0.0,449.35428292410717,433.8440002441406
2020-11-23,503.5,526.0,501.7900085449219,521.8499755859375,50260300,0,0.0,465.0814208984375,441.93333129882814
2020-11-24,540.4000244140625,559.989990234375,526.2000122070312,555.3800048828125,53648500,0,0.0,486.0642787388393,450.69866536458335
2020-11-25,550.0599975585938,574.0,545.3699951171875,574.0,48930200,0,0.0,509.76570783342635,460.8999979654948
2020-11-27,581.1599731445312,598.780029296875,578.4500122070312,585.760009765625,37561100,0,0.0,530.3585684640067,470.7446655273437
2020-11-30,602.2100219726562,607.7999877929688,554.510009765625,567.5999755859375,63003100,0,0.0,541.9242771693638,479.92132975260415
2020-12-01,597.5900268554688,597.8499755859375,572.0499877929688,584.760009765625,40103500,0,0.0,554.1371372767857,490.8213297526042
2020-12-02,556.4400024414062,571.5399780273438,541.2100219726562,568.8200073242188,47775700,0,0.0,565.4528547014509,501.3853312174479
2020-12-03,590.02001953125,598.969970703125,582.4299926757812,593.3800048828125,42552000,0,0.0,575.6714303152902,513.135331217448
2020-12-04,591.010009765625,599.0399780273438,585.5,599.0399780273438,29401300,0,0.0,581.9085693359375,525.6206624348958
2020-12-07,604.9199829101562,648.7899780273438,603.0499877929688,641.760009765625,56309700,0,0.0,591.5885707310268,541.1713297526042
2020-12-08,625.510009765625,651.280029296875,618.5,649.8800048828125,64265000,0,0.0,600.7485700334821,557.2906636555989
2020-12-09,653.6900024414062,654.3200073242188,588.0,604.47998046875,71291200,0,0.0,606.0171421595982,568.1486633300781
2020-12-10,574.3699951171875,627.75,566.3400268554688,627.0700073242188,67083200,0,0.0,612.0614275251116,577.5106628417968
2020-12-11,615.010009765625,624.0,596.7999877929688,609.989990234375,46475000,0,0.0,617.942853655134,584.8919962565104
2020-12-14,619.0,642.75,610.2000122070312,639.8300170898438,52040600,0,0.0,624.5785696847098,594.9066650390625
2020-12-15,643.280029296875,646.9000244140625,623.7999877929688,633.25,45071500,0,0.0,629.4657156808036,602.3333333333334
2020-12-16,628.22998046875,632.5,605.0,622.77001953125,42095800,0,0.0,626.7528599330357,606.8260009765625
2020-12-17,628.1900024414062,658.8200073242188,619.5,655.9000244140625,56270100,0,0.0,627.6128627232143,612.2860026041667
2020-12-18,668.9000244140625,695.0,628.5399780273438,695.0,222126200,0,0.0,640.5442940848214,619.5686686197917
2020-12-21,666.239990234375,668.5,646.0700073242188,649.8599853515625,58045300,0,0.0,643.8000052315848,625.0526692708333
2020-12-22,648.0,649.8800048828125,614.22998046875,640.3400268554688,51716000,0,0.0,648.135724748884,628.7580037434896
2020-12-23,632.2000122070312,651.5,622.5700073242188,645.97998046875,33173000,0,0.0,649.0142909458706,633.902001953125
2020-12-24,642.989990234375,666.0900268554688,641.0,661.77001953125,22865600,0,0.0,653.0885794503348,638.4613362630208
2020-12-28,674.510009765625,681.4000244140625,660.7999877929688,663.6900024414062,32278600,0,0.0,658.9342912946429,642.771337890625
2020-12-29,661.0,669.9000244140625,655.0,665.989990234375,22910800,0,0.0,660.375714983259,644.386669921875
2020-12-30,672.0,696.5999755859375,668.3599853515625,694.780029296875,42846000,0,0.0,660.3442905970982,647.3800048828125
2020-12-31,699.989990234375,718.719970703125,691.1199951171875,705.6699829101562,49649900,0,0.0,668.3171473911831,654.1260050455729
2021-01-04,719.4600219726562,744.489990234375,717.1900024414062,729.77001953125,48638200,0,0.0,681.0928606305804,660.9726725260417
2021-01-05,723.6599731445312,740.8400268554688,719.2000122070312,735.1099853515625,32245200,0,0.0,693.8257184709821,669.3140055338541
2021-01-06,758.489990234375,774.0,749.0999755859375,755.97998046875,44700000,0,0.0,707.2842843191964,677.0573364257813
2021-01-07,777.6300048828125,816.989990234375,775.2000122070312,816.0399780273438,51498900,0,0.0,729.048566545759,689.2433349609375
2021-01-08,856.0,884.489990234375,838.3900146484375,880.02001953125,75055500,0,0.0,759.624285016741,706.3933349609375
2021-01-11,849.4000244140625,854.4299926757812,803.6199951171875,811.1900024414062,59301600,0,0.0,776.2542811802456,716.7460001627604
2021-01-12,831.0,868.0,827.3400268554688,849.4400024414062,46270700,0,0.0,796.7928553989956,727.0420003255208
2021-01-13,852.760009765625,860.469970703125,832.0,854.4099731445312,33312500,0,0.0,814.5985630580357,740.6786661783855
2021-01-14,843.3900146484375,863.0,838.75,845.0,31266300,0,0.0,830.297136579241,754.3226643880208
2021-01-15,852.0,859.9000244140625,819.0999755859375,826.1599731445312,38777600,0,0.0,840.3228498186384,766.3346638997396
2021-01-19,837.7999877929688,850.0,833.0,844.5499877929688,25367000,0,0.0,844.3957083565848,778.5199951171875
2021-01-20,858.739990234375,859.5,837.280029296875,850.4500122070312,25665900,0,0.0,840.1714215959821,790.9706624348959
2021-01-21,855.0,855.719970703125,841.4199829101562,844.989990234375,20521100,0,0.0,844.9999912806919,802.9039957682292
2021-01-22,834.3099975585938,848.0,828.6199951171875,846.6400146484375,20066500,0,0.0,844.5999930245536,813.0279947916666
2021-01-25,855.0,900.4000244140625,838.8200073242188,880.7999877929688,41173400,0,0.0,848.3699951171875,824.7033284505209
2021-01-26,891.3800048828125,895.9000244140625,871.5999755859375,883.0900268554688,23131600,0,0.0,853.8114275251116,834.9246622721354
2021-01-27,870.3499755859375,891.5,858.6599731445312,864.1599731445312,27334000,0,0.0,859.2399989536831,843.5279947916666
2021-01-28,820.0,848.0,801.0,835.4299926757812,26378000,0,0.0,857.9371425083706,848.8246622721355
2021-01-29,830.0,842.4099731445312,780.0999755859375,793.530029296875,34990800,0,0.0,849.8057163783482,847.3239990234375
2021-02-01,814.2899780273438,842.0,795.5599975585938,839.8099975585938,25391400,0,0.0,849.0657174246652,844.6433308919271
2021-02-02,844.6799926757812,880.5,842.2000122070312,872.7899780273438,24346200,0,0.0,852.8014264787946,848.7499959309896
2021-02-03,877.02001953125,878.0800170898438,853.0599975585938,854.6900024414062,18343500,0,0.0,849.0714285714286,849.0999959309896
2021-02-04,855.0,856.5,833.4199829101562,849.989990234375,15812700,0,0.0,844.3428519112723,848.8053304036458
2021-02-05,845.0,864.77001953125,838.969970703125,852.22998046875,18566600,0,0.0,842.6385672433036,849.2873291015625
2021-02-08,869.6699829101562,877.77001953125,854.75,863.4199829101562,20161700,0,0.0,846.6371372767857,851.7713297526042
2021-02-09,855.1199951171875,859.7999877929688,841.75,849.4600219726562,15157700,0,0.0,854.6271362304688,852.0986653645833
2021-02-10,843.6400146484375,844.8200073242188,800.02001953125,804.8200073242188,36216100,0,0.0,849.6285661969866,849.0566650390625
2021-02-11,812.4400024414062,829.8800048828125,801.72998046875,811.6599731445312,21622800,0,0.0,840.8957083565848,846.8346638997396
2021-02-12,801.260009765625,817.3300170898438,785.3300170898438,816.1199951171875,23768300,0,0.0,835.3857073102679,844.7999959309896
2021-02-16,818.0,821.0,792.4400024414062,796.219970703125,19802300,0,0.0,827.7042759486607,839.161328125
2021-02-17,779.0900268554688,799.8400268554688,762.010009765625,798.1500244140625,25996500,0,0.0,819.9785679408482,833.4986612955729
2021-02-18,780.9000244140625,794.6900024414062,776.27001953125,787.3800048828125,17957100,0,0.0,809.1157139369419,828.3799967447917
2021-02-19,795.0,796.7899780273438,777.3699951171875,781.2999877929688,18958300,0,0.0,799.3785661969866,824.7713297526042
2021-02-22,762.6400146484375,768.5,710.2000122070312,714.5,37269700,0,0.0,786.4757080078125,819.5026611328125
2021-02-23,662.1300048828125,713.6099853515625,619.0,698.8400268554688,66606900,0,0.0,770.3585728236607,810.1046630859375
2021-02-24,711.8499755859375,745.0,694.1699829101562,742.02001953125,36767000,0,0.0,759.7728620256696,801.3866658528646
2021-02-25,726.1500244140625,737.2100219726562,670.5800170898438,682.219970703125,39023900,0,0.0,743.4871477399554,789.8886637369792
2021-02-26,700.0,706.7000122070312,659.510009765625,675.5,41089200,0,0.0,725.9657156808036,778.2559977213542
2021-03-01,690.1099853515625,719.0,685.0499877929688,718.4299926757812,27136200,0,0.0,716.1157139369419,769.3359985351562
2021-03-02,718.280029296875,721.1099853515625,685.0,686.4400024414062,23732200,0,0.0,702.5642874581473,757.5373331705729
2021-03-03,687.989990234375,700.7000122070312,651.7100219726562,653.2000122070312,30208000,0,0.0,693.807146344866,744.4533325195313
2021-03-04,655.7999877929688,668.4500122070312,600.0,621.4400024414062,65919500,0,0.0,682.75,732.2279988606771
2021-03-05,626.0599975585938,627.8400268554688,539.489990234375,597.9500122070312,89396500,0,0.0,662.1685703822544,717.9806681315105
2021-03-08,600.5499877929688,620.1300048828125,558.7899780273438,563.0,51787000,0,0.0,645.1371459960938,701.1060017903645
2021-03-09,608.1799926757812,678.0900268554688,595.2100219726562,673.5800170898438,67523300,0,0.0,644.8628627232143,692.9300048828125
2021-03-10,700.2999877929688,717.8499755859375,655.0599975585938,668.0599975585938,60605700,0,0.0,637.6671491350446,684.2573364257812
2021-03-11,699.4000244140625,702.5,677.1799926757812,699.5999755859375,36253900,0,0.0,639.5471452985491,678.4053344726562
2021-03-12,670.0,694.8800048828125,666.1400146484375,693.72998046875,33583800,0,0.0,645.337140764509,672.567333984375
2021-03-15,694.0900268554688,713.1799926757812,684.0399780273438,707.9400024414062,29335600,0,0.0,657.6942836216518,672.1300008138021
2021-03-16,703.3499755859375,707.9199829101562,671.0,676.8800048828125,32195700,0,0.0,668.9699968610491,670.6659993489583
2021-03-17,656.8699951171875,703.72998046875,651.010009765625,701.8099975585938,40372500,0,0.0,688.7999965122768,667.9853312174479
2021-03-18,684.2899780273438,689.22998046875,652.0,653.1599731445312,33224800,0,0.0,685.8828473772321,666.047998046875
2021-03-19,646.5999755859375,657.22998046875,624.6199951171875,654.8699951171875,42894000,0,0.0,683.9985613141741,664.6726643880208
2021-03-22,684.5900268554688,699.6199951171875,668.75,670.0,39512200,0,0.0,679.7699933733259,661.4439982096354
2021-03-23,675.77001953125,677.7999877929688,657.510009765625,662.1599731445312,30491900,0,0.0,675.259992327009,659.8253295898437
2021-03-24,667.9099731445312,668.02001953125,630.1099853515625,630.27001953125,33795200,0,0.0,664.1642804827009,658.2966634114583
2021-03-25,613.0,645.5,609.5,640.3900146484375,39224900,0,0.0,658.9514247349331,659.5599975585938
2021-03-26,641.8699951171875,643.8200073242188,599.8900146484375,618.7100219726562,33852800,0,0.0,647.0799996512277,660.9439982096354
2021-03-29,615.6400146484375,616.47998046875,596.02001953125,611.2899780273438,28637000,0,0.0,641.0985717773438,664.163330078125
2021-03-30,601.75,637.6599731445312,591.010009765625,635.6199951171875,39432400,0,0.0,638.3485717773438,661.6326619466146
2021-03-31,646.6199951171875,672.0,641.1099853515625,667.9299926757812,33337300,0,0.0,638.0528564453125,661.6239949544271
2021-04-01,688.3699951171875,692.4199829101562,659.4199829101562,661.75,35298400,0,0.0,637.9942888532366,659.100663248698
2021-04-05,707.7100219726562,708.1599731445312,684.7000122070312,691.0499877929688,41842800,0,0.0,646.6771414620536,658.9219970703125
2021-04-06,690.2999877929688,696.5499877929688,681.3699951171875,691.6199951171875,28271800,0,0.0,653.9957101004464,657.8339965820312
2021-04-07,687.0,691.3800048828125,667.8400268554688,670.969970703125,26309400,0,0.0,661.4614170619419,657.4399943033854
2021-04-08,677.3800048828125,689.5499877929688,671.6500244140625,683.7999877929688,23924300,0,0.0,671.8199898856027,656.239326985677
2021-04-09,677.77001953125,680.969970703125,669.4299926757812,677.02001953125,21437100,0,0.0,677.7342790876116,657.8299967447916
2021-04-12,685.7000122070312,704.7999877929688,682.0900268554688,701.97998046875,29135700,0,0.0,682.5985630580357,660.9706624348959
2021-04-13,712.7000122070312,763.0,710.6599731445312,762.3200073242188,44652800,0,0.0,696.9657069614956,667.1253295898438
2021-04-14,770.7000122070312,780.7899780273438,728.030029296875,732.22998046875,49017400,0,0.0,702.8485630580357,671.7966634114583
2021-04-15,743.0999755859375,743.6900024414062,721.3099975585938,738.8499755859375,27848900,0,0.0,709.595703125,679.0353271484375
2021-04-16,728.6500244140625,749.4099731445312,724.5999755859375,739.780029296875,27979500,0,0.0,719.4257114955357,685.661328125
2021-04-19,719.5999755859375,725.4000244140625,691.7999877929688,714.6300048828125,39686200,0,0.0,723.8299996512277,692.0559936523438
2021-04-20,717.4199829101562,737.25,710.6900024414062,718.989990234375,35609000,0,0.0,729.8257097516741,699.2359944661458
2021-04-21,704.77001953125,744.8400268554688,698.0,744.1199951171875,31215500,0,0.0,735.8457118443081,706.4693277994792
2021-04-22,741.5,753.77001953125,718.0399780273438,719.6900024414062,35590300,0,0.0,729.7557111467634,709.9199951171875
2021-04-23,719.7999877929688,737.3599853515625,715.4600219726562,729.4000244140625,28370000,0,0.0,729.3514317103794,714.4299967447917
2021-04-26,741.0,749.2999877929688,732.6099853515625,738.2000122070312,31038500,0,0.0,729.2585797991071,717.5733317057292
2021-04-27,717.9600219726562,724.0,703.3499755859375,704.739990234375,29437000,0,0.0,724.2528599330357,718.447998046875
2021-04-28,696.4099731445312,708.5,693.5999755859375,694.4000244140625,22271000,0,0.0,721.3628627232143,720.0100016276042
2021-04-29,699.510009765625,702.25,668.5,677.0,28845400,0,0.0,715.3642926897321,719.5566691080729
2021-04-30,667.5900268554688,715.469970703125,666.1400146484375,709.4400024414062,40758700,0,0.0,710.4100080217634,721.7180013020833
2021-05-03,703.7999877929688,706.0,680.5,684.9000244140625,27043100,0,0.0,705.4400111607143,720.5793375651042
2021-05-04,678.9400024414062,683.4500122070312,657.7000122070312,673.5999755859375,29739300,0,0.0,697.4685756138393,714.6646687825521
2021-05-05,681.0599975585938,685.2999877929688,667.3400268554688,670.9400024414062,21901900,0,0.0,687.8600027901786,710.5786702473958
2021-05-06,680.760009765625,681.02001953125,650.0,663.5399780273438,27784600,0,0.0,681.9742867606027,705.5580037434896
2021-05-07,665.7999877929688,690.0,660.219970703125,672.3699951171875,23469200,0,0.0,678.8271397181919,701.0640014648437
2021-05-10,664.9000244140625,665.0499877929688,627.6099853515625,629.0399780273438,31392400,0,0.0,671.9757080078125,695.3579996744792
2021-05-11,599.239990234375,627.0999755859375,595.5999755859375,617.2000122070312,46503900,0,0.0,658.798566545759,688.5720011393229
2021-05-12,602.489990234375,620.4099731445312,586.77001953125,589.8900146484375,33823600,0,0.0,645.2257080078125,678.2900024414063
2021-05-13,601.5399780273438,606.4600219726562,559.6500244140625,571.6900024414062,44184900,0,0.0,630.6671404157366,668.4233357747396
2021-05-14,583.4099731445312,592.8699951171875,570.4600219726562,589.739990234375,33370900,0,0.0,619.067138671875,659.1126668294271
2021-05-17,575.5499877929688,589.72998046875,561.2000122070312,576.8300170898438,32390400,0,0.0,606.6800013950893,648.354667154948
2021-05-18,568.0,596.25,563.3800048828125,577.8699951171875,36830600,0,0.0,593.1800013950893,639.8966674804688
2021-05-19,552.5499877929688,566.2100219726562,546.97998046875,563.4600219726562,39578400,0,0.0,583.8114362444196,631.167333984375
2021-05-20,575.0,588.8499755859375,571.0700073242188,586.780029296875,30821100,0,0.0,579.4657244001116,625.1526692708334
2021-05-21,596.1099853515625,596.6799926757812,580.0,580.8800048828125,26030600,0,0.0,578.1785801478794,616.5820027669271
2021-05-24,581.5999755859375,614.47998046875,573.6500244140625,606.4400024414062,34558100,0,0.0,583.1428658621652,611.3513346354167
2021-05-25,607.3099975585938,613.989990234375,595.7100219726562,604.6900024414062,28005900,0,0.0,585.278581891741,606.7573364257812
2021-05-26,607.5599975585938,626.1699829101562,601.5,619.1300048828125,28639300,0,0.0,591.3214372907366,603.3033365885417
2021-05-27,620.239990234375,631.1300048828125,616.2100219726562,630.8499755859375,26370600,0,0.0,598.8900059291294,601.1240030924479
2021-05-28,628.5,635.5900268554688,622.3800048828125,625.219970703125,22737000,0,0.0,607.7128557477679,597.9806681315105
2021-06-01,627.7999877929688,633.7999877929688,620.5499877929688,623.9000244140625,18084900,0,0.0,613.0157121930804,597.6380045572917
2021-06-02,620.1300048828125,623.3599853515625,599.1400146484375,605.1199951171875,23302800,0,0.0,616.4785679408482,596.8326700846354
2021-06-03,601.7999877929688,604.5499877929688,571.219970703125,572.8400268554688,30111900,0,0.0,611.6785714285714,595.6960042317709
2021-06-04,579.7100219726562,600.6099853515625,577.2000122070312,599.0499877929688,24036900,0,0.0,610.8728550502232,597.5200032552083
2021-06-07,591.8300170898438,610.0,582.8800048828125,605.1300048828125,22543700,0,0.0,608.8728550502232,598.5460042317708
2021-06-08,623.010009765625,623.0900268554688,595.5,603.5900268554688,26053400,0,0.0,604.9785766601562,600.3300048828125
2021-06-09,602.1699829101562,611.7899780273438,597.6300048828125,598.780029296875,16584600,0,0.0,601.2014421735491,601.7240071614583
2021-06-10,603.8800048828125,616.5900268554688,600.5,610.1199951171875,23919600,0,0.0,599.2328665597098,604.8346720377605
2021-06-11,610.22998046875,612.5599975585938,601.52001953125,609.8900146484375,16205300,0,0.0,599.9142979213169,606.3753377278646
2021-06-14,612.22998046875,625.489990234375,609.1799926757812,617.6900024414062,20424000,0,0.0,606.3214372907366,608.8293375651042
2021-06-15,616.6900024414062,616.7899780273438,598.22998046875,599.3599853515625,17764100,0,0.0,606.36572265625,608.3573364257812
2021-06-16,597.5399780273438,608.5,593.5,604.8699951171875,22144100,0,0.0,606.3285784040179,608.3693359375
2021-06-17,601.8900146484375,621.469970703125,601.3400268554688,616.5999755859375,22701400,0,0.0,608.1871425083706,608.2006673177083
2021-06-18,613.3699951171875,628.3499755859375,611.7999877929688,623.3099975585938,24560900,0,0.0,611.691423688616,607.6980021158854
2021-06-21,624.47998046875,631.3900146484375,608.8800048828125,620.8300170898438,24812700,0,0.0,613.2214268275669,607.4053385416667
2021-06-22,618.25,628.5700073242188,615.5,623.7100219726562,19158900,0,0.0,615.1957135881696,607.3926717122396
2021-06-23,632.0,657.2000122070312,630.0399780273438,656.5700073242188,31099200,0,0.0,620.75,610.8226725260416
2021-06-24,674.989990234375,697.6199951171875,667.6099853515625,679.8200073242188,45982400,0,0.0,632.2442888532366,617.9546712239584
2021-06-25,689.5800170898438,693.8099975585938,668.7000122070312,671.8699951171875,32496700,0,0.0,641.8157174246652,622.8093383789062
2021-06-28,671.6400146484375,694.7000122070312,670.3200073242188,688.719970703125,21628200,0,0.0,652.1185738699777,628.382002766927
2021-06-29,684.6500244140625,687.510009765625,675.8900146484375,680.760009765625,17381300,0,0.0,660.3257184709821,633.5266682942708
2021-06-30,679.77001953125,692.8099975585938,678.1400146484375,679.7000122070312,18924900,0,0.0,668.7357177734375,638.9213338216146
2021-07-01,683.9199829101562,687.989990234375,672.7999877929688,677.9199829101562,18634500,0,0.0,676.479997907366,643.4413330078125
2021-07-02,678.97998046875,700.0,673.260009765625,678.9000244140625,27054500,0,0.0,679.6700003487723,648.0420003255208
2021-07-06,681.7100219726562,684.0,651.4000244140625,659.5800170898438,23284500,0,0.0,676.7785731724331,650.83466796875
2021-07-07,664.27001953125,665.7000122070312,638.3200073242188,644.6500244140625,18792000,0,0.0,672.8900059291294,653.85400390625
2021-07-08,628.3699951171875,654.4299926757812,620.4600219726562,652.8099975585938,22773300,0,0.0,667.760009765625,657.0500040690105
2021-07-09,653.1799926757812,658.9099731445312,644.6900024414062,656.9500122070312,18118500,0,0.0,664.3585815429688,659.7400065104167
2021-07-12,662.2000122070312,687.239990234375,662.1599731445312,685.7000122070312,25927000,0,0.0,665.2157244001116,663.8993408203125
2021-07-13,686.3200073242188,693.280029296875,666.2999877929688,668.5399780273438,20847500,0,0.0,663.8757237025669,667.0800048828125
2021-07-14,670.75,678.6099853515625,652.8400268554688,653.3800048828125,21641200,0,0.0,660.2300066266741,669.0580037434896
2021-07-15,658.3900146484375,666.1400146484375,637.8800048828125,650.5999755859375,20209600,0,0.0,658.9471435546875,668.6600016276042
2021-07-16,654.6799926757812,656.7000122070312,642.2000122070312,644.219970703125,16339800,0,0.0,658.8857073102679,666.2866658528645
